title,link,tags,date,author,text,genre
«Снимают даже волосы в носу». Нагельсман поддержал позицию Тухеля по фотографам на ЧМ,https://www.championat.com/football/news-6514960-snimayut-dazhe-volosy-v-nosu-nagelsman-podderzhal-poziciyu-tuhelya-po-fotografam-na-chm.html,"['Томас Тухель', 'Футбол', 'Юлиан Нагельсман', 'Сборная Германии — Футбол', 'ЧМ-2026', 'ЧМ по футболу 2026', 'Сборная Англии — Футбол']",11:34 21.06.2026,Дмитрий Тучков,"Главный тренер сборной Германии Юлиан Нагельсман поддержал Томаса Тухеля, возглавляющего сборную Англии, который ранее пожаловался на фотографов на чемпионате мира 2026 года, близко снимающих тренерский штаб перед началом матчей, из-за чего трудно увидеть, как футболисты исполняют национальный гимн. «Не знаю, можем ли мы действительно жаловаться, но я согласен с Томасом Тухелем. Исполнение национального гимна — очень трогательный момент. Это возможность установить связь с игроками. Во время матчей Бундеслиги или Лиги чемпионов перед скамейками запасных тоже стоят фотографы, но здесь они действительно очень близко. Мне кажется, что их огромные объективы фотографируют даже волоски в моём носу с расстояния в сантиметр», — приводит слова Нагельсмана RMC Sport. Невероятные стадионы ЧМ-2026:",news
Букмекеры оценили шансы сборной Кабо-Верде в матче ЧМ-2026 с Уругваем,https://www.championat.com/bets/news-6514758-bukmekery-ocenili-shansy-sbornoj-kabo-verde-v-matche-chm-2026-s-urugvaem.html,"['Сборная Уругвая — Футбол', 'Сборная Кабо-Верде — Футбол', 'Бесплатные прогнозы', 'Прогнозы', 'Ставки']",07:08 21.06.2026,Алексей Серяков,"22 июня состоится матч 2-го тура группового этапа ЧМ-2026 Уругвай — Кабо-Верде. Игра пройдёт в Майами (США) на стадионе «Хард Рок». Стартовый свисток запланирован на 1:00 мск. Букмекеры отдают преимущество команде из Южной Америки. Сделать ставку на победу сборной Уругвая предлагается с коэффициентом 1.47. Победа сборной Кабо-Верде оценивается коэффициентом 7.40. Ничейный исход можно найти в линии за 4.74. При этом аналитики склоняются к высокой результативности. Тотал меньше 2.5 мяча доступен в букмекерских конторах с коэффициентом 1.98, а тотал больше 2.5 мяча — с коэффициентом 1.89. Если забьют обе команды, сыграет коэффициент 2.03.",analytics
Стали известны шансы сборной Бельгии в матче ЧМ-2026 по футболу с Ираном,https://www.championat.com/bets/news-6514762-stali-izvestny-shansy-sbornoj-belgii-v-matche-chm-2026-po-futbolu-s-iranom.html,"['Сборная Бельгии — Футбол', 'Бесплатные прогнозы', 'Сборная Ирана — Футбол', 'Прогнозы', 'Ставки']",08:18 21.06.2026,Алексей Серяков,"21 июня состоится матч 2-го тура группового этапа ЧМ-2026 Бельгия — Иран. Игра пройдёт в Инглвуде (США) на стадионе «Соу-Фай». Стартовый свисток запланирован на 22:00 мск. Букмекеры отдают преимущество команде из Европы. Сделать ставку на победу сборной Бельгии предлагается с коэффициентом 1.44. Победа сборной Ирана оценивается коэффициентом 7.90. Ничейный исход можно найти в линии за 4.74. При этом аналитики склоняются к высокой результативности. Тотал меньше 2.5 мяча доступен в букмекерских конторах с коэффициентом 1.98, а тотал больше 2.5 мяча — с коэффициентом 1.89. Если забьют обе команды, сыграет коэффициент 2.07.",news
«Чувствовал себя непобедимым». Вратарь Кюрасао — о своей игре в матче с Эквадором на ЧМ,https://www.championat.com/football/news-6515294-chuvstvoval-sebya-nepobedimym-vratar-kyurasao-o-svoej-igre-v-matche-s-ekvadorom-na-chm.html,"['Сборная Кюрасао — Футбол', 'Футбол', 'Сборная Эквадора — Футбол', 'ЧМ-2026', 'Элой Ром', 'ЧМ по футболу 2026']",16:59 21.06.2026,Анжела Лосанова,"Вратарь сборной Кюрасао Элой Ром дал комментарий после матча с национальной командой Эквадора во 2-м туре группового этапа чемпионата мира — 2026. Поединок завершился вничью со счётом 0:0. За всю игру голкипер сделал 15 сейвов. «Не могу вспомнить все моменты с ходу, но этот (первый сейв. — Прим. «Чемпионата») был самым важным, поскольку он задал тон всему матчу. Если бы мяч залетел в ворота, это полностью изменило бы ход игры. С этого момента я понял, что мы будем под давлением всю игру. Просто чувствовал себя непобедимым, словно ничто не сможет меня обойти, это было невероятное чувство», — приводит слова голкипера сайт ФИФА. Напомним, Элой Ром был признан лучшим игроком встречи с Эквадором.",report
Петр Ян поднялся на третью строчку рейтинга UFC,https://ria.ru/20260617/ufc-2099367204.html,"['Единоборства', 'Илия Топурия', 'UFC', 'Ислам Махачев', 'Петр Ян', 'Спорт', 'Смешанные боевые искусства (ММА)']",08:47 17.06.2026,Нет автора,"Россиянин Петр Ян поднялся на третью строчку рейтинга Абсолютного бойцовского чемпионата (UFC) вне зависимости от весовых категорий (P4P), сообщается на сайте промоушена.  В обновленном рейтинге Ян, которому принадлежит чемпионский пояс в легчайшей весовой категории, прибавил две позиции.  Лидером рейтинга остается еще один представитель России - Ислам Махачев, вторым идет австралиец Александр Волкановски. На четвертом месте располагается новый чемпион UFC в легком весе американец Джастин Гэтжи, который на турнире в Белом доме в титульном поединке победил испанского бойца грузинского происхождения Илию Топурию. Сам Топурия опустился на пятую строчку.  На счету 33‑летнего Яна 20 побед и 5 поражений в ММА.",analytics
"Александр Зверев рассказал, почему ему нужно играть на турнирах перед мэйджорами",https://www.championat.com/tennis/news-6515256-aleksandr-zverev-rasskazal-pochemu-emu-nuzhno-igrat-na-turnirah-pered-mejdzhorami.html,"['Роджер Федерер', 'Уимблдон', 'Уимблдон 2026', 'Теннис', 'Янник Синнер', 'Александр Зверев']",16:33 21.06.2026,Мария Шаврикова,"Чемпион «Ролан Гаррос» — 2026, третья ракетка мира немецкий теннисист Александр Зверев объяснил, почему ему нужно играть на турнирах перед мэйджорами. «Для меня подготовительные турниры всегда помогают. Мне нужно соревноваться перед «Большим шлемом». Янник — другой случай. Он уже выигрывал Открытый чемпионат Австралии, не играя подготовительных турниров, даже не один раз. Есть игроки, которым так удобно. Роджер Федерер тоже не всегда нуждался в турнирах перед «Шлемами» и выиграл множество титулов таким образом. Но я тот, кому нужен соревновательный ритм. Думаю, Яннику он не нужен, потому что он уже много раз доказал свою состоятельность в Австралии», — приводит слова Зверева Punto de Break.",analytics
«Игроки его не уважают». Инсайдер Вышински — о новом тренере «Торонто» Хиллере,https://www.championat.com/hockey/news-6514870-igroki-ego-ne-uvazhayut-insajder-vyshinski-o-novom-trenere-toronto-hillere.html,"['НХЛ', 'Торонто Мэйпл Лифс', 'Хоккей', 'Грег Вышински', 'Джим Хиллер']",09:57 21.06.2026,Настя Винник,"Журналист и инсайдер ESPN Грег Вышински поделился мнением о новом главном тренере «Торонто Мэйпл Лифс» Джиме Хиллере. «Игроки его не уважают. Он из тех парней, с которыми ничего не выиграешь… Он плохо читает игру, не реагирует на происходящее на льду», – приводит слова Вышински Sportskeeda со ссылкой на программу The Sheet. 57-летний специалист ранее работал в «Лос-Анджелес Кингз». С лета 2022-го по февраль 2024 года он был ассистентом, а после возглавил клуб. 1 марта 2026-го Хиллера уволили. Ранее Хиллер уже входил в тренерский штаб «Мэйпл Лифс» – с 2015 по 2019 год он был помощником Майка Бэбкока.",news
"Инфантино приветствовал принцессу, болельщики убирали мусор. Фото победы Японии в матче ЧМ",https://www.championat.com/football/news-6515034-infantino-privetstvoval-princessu-bolelschiki-ubirali-musor-foto-pobedy-yaponii-v-matche-chm.html,"['Футбол', 'ЧМ-2026', 'Джанни Инфантино', 'Сборная Туниса — Футбол', 'Фото', 'ЧМ по футболу 2026', 'Сборная Японии — Футбол', 'Фоторепортаж']",12:53 21.06.2026,Катерина Чистова,20 июня на стадионе ББВА в Мексике состоялся матч 2-го тура группы F чемпионата мира по футболу 2026 года между сборными Туниса и Японии. В качестве главного арбитра выступил Иштван Ковач. Победу с разгромным счётом 4:0 одержали подопечные Хадзимэ Мориясу. Лучшие кадры матча Тунис — Япония — в фоторепортаже специального фотокорреспондента «Чемпионата» Дмитрия Голубовича. Уже на четвёртой минуте полузащитник Даити Камада открыл счёт. Форвард Аясэ Уэда удвоил преимущество японской команды на 31-й минуте. На 69-й минуте форвард Дзюня Ито забил третий мяч в ворота тунисской команды. А на 83-й минуте Аясэ Уэда оформил дубль и зафиксировал итоговый счёт.,report
Испания — Саудовская Аравия: прогноз Константина Генича на игру ЧМ-2026,https://www.championat.com/bets/news-6515094-ispaniya-saudovskaya-araviya-prognoz-konstantina-genicha-na-igru-chm-2026-po-futbolu.html,"['Сборная Испании — Футбол', 'Бесплатные прогнозы', 'РБ Спорт', 'Прогнозы', 'Ставки', 'Сборная Саудовской Аравии — Футбол']",14:30 21.06.2026,Пётр Кондаков,"Комментатор Константин Генич дал прогноз на матч Испания — Саудовская Аравия. Ставка: победа Испании в обоих таймах за 1.90. «Много критики выпало на долю испанских футболистов и тренера после матча с Кабо-Верде. Испанцы сыграли не в свою мощь, но для Испании абсолютно нормально начинать чемпионат мира ни шатко ни валко, раскачиваясь. Чтобы дойти до финала, нужно сыграть восемь матчей, поэтому нужно правильно разложить силы, поэтому никто особо не переживает за ничью в первой встрече. А вот в матче с Саудовской Аравией уже должно быть покачественнее. Испанцам для выхода из группы обязательно надо выигрывать, так как не хочется откладывать этот вопрос на игру с Уругваем в 3-м туре. Скорее всего, в стартовом составе должен появиться Ламин Ямаль, с выходом которого в первом матче Испания заиграла интереснее. Он пока не готов играть целый матч, но примерно час отыграть готов. На левом фланге выйдет Нико Уильямс. Следовательно, можно предположить, что Испания сможет выиграть оба тайма», — приводит слова Генича «РБ Спорт».",analytics
"Хаджибегович: надеюсь, в следующие два года мы продолжим творить историю в «Локомотиве»",https://www.championat.com/basketball/news-6515246-hadzhibegovich-nadeyus-v-sleduyuschie-dva-goda-my-prodolzhim-tvorit-istoriyu-v-lokomotive.html,"['Единая лига', 'Баскетбол', 'БК Зенит', 'Ален Хаджибегович', 'ПБК Локомотив-Кубань']",16:31 21.06.2026,Дамир Медведев,"Центровой «Локомотива-Кубань» Ален Хаджибегович прокомментировал серию за третье место с «Зенитом» и поделился впечатлениями от работы с главным тренером Томиславом Томовичем после подписания нового контракта с клубом. — Как тебе работается под началом Томислава Томовича?  — Немногие верили, что «Локомотиву» окажется по силам отыграть в серии за третье место со счёта 0-2. За счёт чего это стало возможным? — Многие, может, и не верили, но самое главное, что верила команда — игроки, тренеры, менеджмент. Поэтому мы оставались предельно собранными, особенно когда сравняли счёт в серии. После этого уже никак нельзя было проигрывать. Каждый из нас знал, что надо сделать для победы в пятом матче, нам удалось это воплотить в реальность. — О чём подумал после финальной сирены решающего матча? — Честно? О том, что наконец-то можно немного отдохнуть, съездить повидаться с родными. Но, конечно, счастлив я тоже был — ведь за полсезона здесь мне удалось помочь команде вписать славную страницу в её летопись. И надеюсь, что в следующие два года мы продолжим творить историю, — приводит слова Хаджибеговича пресс-служба клуба.",news
Тунис — Япония: онлайн-трансляция матча ЧМ по футболу — 2026 начнётся в 7:00 мск,https://www.championat.com/football/news-6514192-tunis-yaponiya-onlajn-translyaciya-matcha-chempionata-mira-po-futbolu-2026-nachnyotsya-v-7-00-msk-21-iyunya-2026.html,"['Футбол', 'ЧМ-2026', 'Сборная Туниса — Футбол', 'ЧМ по футболу 2026', 'Сборная Японии — Футбол']",04:00 21.06.2026,Максим Иванов,"В воскресенье, 21 июня, состоится матч 2-го тура группы F чемпионата мира по футболу 2026 года между сборными Туниса и Японии. Игра пройдёт на стадионе ББВА (Гуадалупе, Мексика). В качестве главного арбитра выступит Иштван Ковач (Карей, Румыния). Стартовый свисток судьи прозвучит в 7:00 мск. Чемпионат проведёт текстовую онлайн-трансляцию матча. В 1-м туре группы F тунисская национальная команда разгромно уступила Швеции — 1:3. Япония сыграла вничью со сборной Нидерландов — 2:2. Групповой этап продлится с 11 по 27 июня. Команды играют друг с другом по кругу (по три матча каждая). В плей-офф выйдут по две лучшие сборные из каждой группы, а также восемь лучших команд, занявших третье место.",report
Максим Третьяк объявил о завершении игровой карьеры в 29 лет,https://www.championat.com/hockey/news-6514588-maksim-tretyak-obyavil-o-zavershenii-igrovoj-karery-v-29-let.html,"['ХК Лада', 'Хоккей', 'ХК Сочи', 'КХЛ', 'Максим Третьяк']",23:53 20.06.2026,Настя Винник,"29-летний голкипер Максим Третьяк объявил о завершении игровой карьеры. Сезон-2025/2026 вратарь провёл в тольяттинской «Ладе» и «Сочи». «Всему когда-то приходит конец… Хоккей, я люблю тебя! Спасибо за всё — ты навсегда в моём сердце!» — написал Третьяк на своей странице в социальной сети. Вратарь начал минувший сезон в «Ладе», за которую провёл три игры, отразив 86% бросков. В «Сочи» на его счету два матча при 55,6% сейвов. Всего голкипер провёл в КХЛ 129 встреч, одержав 20 побед при коэффициенте надёжности 3,69 и 88,8% отражённых бросков. Максим — внук советского вратаря, ныне президента Федерации хоккея России (ФХР) Владислава Третьяка.",news
Тримбл стал MVP Заполярного матча звёзд и принёс победу своей команде,https://www.championat.com/basketball/news-6514972-trimbl-stal-mvp-zapolyarnogo-matcha-zvyozd-i-prinyos-pobedu-svoej-komande.html,"['Единая лига', 'Единая лига ВТБ', 'Мело Тримбл', 'Баскетбол', 'Фото', 'Антониус Кливленд', 'ПБК ЦСКА']",11:45 21.06.2026,Рустам Имамов,"В воскресенье, 21 июня, в Норильске прошёл традиционный товарищеский матч по баскетболу между работниками «Норникеля» и игроками команды Единой лиги ВТБ ЦСКА, в котором приняли участие и другие легенды российского баскетбола. Фото: Рустам Имамов («Чемпионат») Встреча прошла на площадке спорт-холла «Айка» и носила название «Заполярный матч звёзд». Матч завершился победой команды «Никель» над «Палладием» со счётом 79:74. Фото: Рустам Имамов («Чемпионат») Фото: Рустам Имамов («Чемпионат») За «Никель» выступил Мело Тримбл, который не только привёл свою команду к победе, но и был признан самым ценным игроком матча (MVP). В составе «Палладия» на паркет вышел его партнёр по армейскому клубу Антониус Кливленд. Фото: Рустам Имамов («Чемпионат») Армейцы, незадолго до этого в третий раз подряд ставшие чемпионами Единой лиги, привезли в Заполярье завоёванные трофеи — Кубок Белова и Кубок Евролиги. Фото: Рустам Имамов («Чемпионат»)",news
"""Велес"" проиграл ""Сибири"", но вышел в Первую лигу",https://ria.ru/20260621/veles-2100155685.html,"['Россия', 'Новосибирск', 'Москва', 'Антон Кобялко', 'Черноморец (Новороссийск)', 'Даниил Петрунин', 'Спорт', 'Велес', 'Футбол']",14:13 21.06.2026,Нет автора,"Московский футбольный клуб ""Велес"" уступил новосибирской ""Сибири"" в ответном стыковом матче, но вышел в Первую лигу благодаря крупной победе в первой игре.  Ответный матч состоялся в Новосибирске и завершился победой хозяев со счетом 2:1. Дубль в составе ""Сибири"" оформил Антон Кобялко (10-я, 45+2-я минуты). У ""Велеса"" отличился Захар Тарасенко (68). Также на 81-й минуте Кобялко не реализовал пенальти. В компенсированное ко второму тайму время защитник ""Сибири"" Даниил Петрунин был удален.  Первая встреча прошла в среду в Москве и завершилась победой ""Велеса"" со счетом 4:1. Столичный клуб вернулся в Первую лигу после вылета в сезоне-2022/23.  По итогам прошедшего сезона Первую лигу покинули новороссийский ""Черноморец"", саратовский ""Сокол"" и ""Чайка"" из села Песчанокопское. Вместо них право выступать во втором по статусу дивизионе чемпионата России получили ""Ленинградец"", ивановский ""Текстильщик"" и ""Велес"".",report
"Дончич объяснил, почему невнимательно следил за финалом НБА",https://www.championat.com/basketball/news-6514604-donchich-obyasnil-pochemu-ne-vnimatelno-sledil-za-finalom-nba.html,"['Нью-Йорк Никс', 'Сан-Антонио Спёрс', 'НБА', 'Лука Дончич', 'Финал НБА', 'Баскетбол', 'Лос-Анджелес Лейкерс', 'Плей-офф НБА']",00:17 21.06.2026,Максим Яковлев,"27-летний звёздный словенский защитник Лука Дончич, выступающий за калифорнийскую команду «Лос-Анджелес Лейкерс», рассказал, почему не смотрел каждую игру финала Национальной баскетбольной ассоциации (НБА) сезона-2025/2026 между клубами «Нью-Йорк Никс» и «Сан-Антонио Спёрс» (4-1). «Для меня это было слишком рано, я просыпался в три часа ночи, поэтому не смотрел [каждый матч]», — приводит слова Дончича портал Basket News. Напомним, Лука в минувшем регулярном сезоне в составе «озёрников» провёл 64 матча. В среднем за игру словенский баскетболист набирал 33,5 очка, делал 7,7 подбора, а также отдавал 8,3 передачи.",analytics
Гаджиев оценил состав сборных на ЧМ,https://ria.ru/20260621/gadzhiev-2100146400.html,"['ЧМ по футболу 2026', 'СССР', 'США', 'Канада', 'Спорт', 'Футбол']",12:07 21.06.2026,Нет автора,"Проходящий чемпионат мира показывает, что к топовым футбольным державам близко приблизилась большая группа национальных сборных, заявил РИА Новости экс-тренер сборной СССР Гаджи Гаджиев.  Мировое первенство проходит в США, Канаде и Мексике с 11 июня по 19 июля.  ""Чемпионат мира показывает, что к топовым футбольным державам приблизилась большая группа других команд. Если прежде мы говорили, что есть пять, максимум восемь команд, которые безоговорочно сильнее других и способны выиграть титул, то сейчас я бы так не сказал. Потому что многие команды находятся рядом с топовыми сборными"", - сказал Гаджиев.  ""Статус фаворитов и свой высокий уровень в первых матчах подтвердили англичане, бразильцы, немцы, французы и еще ряд команд из числа тех, которые уже выигрывали чемпионат мира. Но я бы не бы не стал категорично говорить, что на этом чемпионате мира обязательно победит команда из этого круга. И смотрите: стадионы забиты битком, миллионы людей смотрят игры по телевизору. И я думаю, что Олимпийские игры по охвату аудитории и по финансам не могут тягаться с чемпионатом мира"", - добавил собеседник агентства.",analytics
«Он был для нас как отец»: звёзды сериала «Друзья» — о смерти режиссёра Джеймса Берроуза,https://www.championat.com/cybersport/news-6515048-on-byl-dlya-nas-kak-otec-zvyozdy-seriala-druzya-o-smerti-rezhissyora-dzhejmsa-berrouza.html,"['Сериалы', 'Чемп.Play', 'Кино и сериалы']",13:55 21.06.2026,Макар Паламаренко,"20 июня стало известно о смерти Джеймса Берроуза — режиссёра, снявшего множество эпизодов в популярных сериалах «Друзья» и «Теория большого взрыва». Постановщика не стало в возрасте 85 лет. После печальной новости звёзды «Друзей» решили почтить память режиссёра, написав трогательные сообщения в соцсетях. Так, Дженнифер Энистон заявила, что Берроуз был для всего актёрского состава сериала как настоящий отец, заботясь об артистах и проявляя внимания к их проблемам. О смерти Берроуза высказалась актриса Кортни Кокс, сыгравшая Монику Геллер в «Друзьях». Она написала, что режиссёр многому научил её во время съёмок сериала. Лиза Кудроу, сыгравшая Фиби, коротко поблагодарила Берроуза за всё, что он сделал для неё. Трогательный пост опубликовал и актёр Дэвид Швиммер, исполнивший роль Росса Геллера в «Друзьях». Он отметил, что умерший постановщик всегда умел раскрывать лучшие качества каждого артиста. Мэтт ЛеБлан, который сыграл Джи Триббиани, назвал Берроуза настоящей иконой телевидения. Он рассказал, что актёрам будет очень не хватать популярного постановщика. За свою длительную карьеру Джеймс Берроуз снял более 1000 эпизодов различных сериалов. Он также получил 11 премий «Эмми» за снятые серии.",analytics
"Тони Надаль объяснил, что ему не нравится в современном мужском теннисе",https://www.championat.com/tennis/news-6514600-toni-nadal-obyasnil-chto-emu-ne-nravitsya-v-sovremennom-muzhskom-tennise.html,"['Тони Надаль', 'Теннис', 'ATP']",00:02 21.06.2026,Екатерина Мищерикова,"Тони Надаль, бывший тренер и дядя легендарного теннисиста Рафаэля Надаля, поделился мнением о нынешнем состоянии мужского тура, отметив разницу между современным поколением теннисистов и игроками предыдущей эпохи. «Очевидно, что Алькарас — очень разносторонний и яркий теннисист, а Синнер полностью контролирует мяч. Но раньше было настоящим удовольствием смотреть на таких игроков, как Маррей, Бердых, Феррер, Дель Потро… Они практически никогда не проигрывали теннисистам, которые были слабее их по уровню. Ты почти всегда видел их в четвертьфиналах турниров. Сейчас можно увидеть, как игрок из топ-10 проигрывает 90-й ракетке мира, и мне это не нравится», – приводит слова Надаля Punto de Break.",analytics
«Он может себе это позволить». Сушинский — о требованиях Бобровского по новому контракту,https://www.championat.com/hockey/news-6514580-on-mozhet-sebe-eto-pozvolit-sushinskij-o-trebovaniyah-bobrovskogo-po-novomu-kontraktu.html,"['НХЛ', 'Максим Сушинский', 'Хоккей', 'Сергей Бобровский', 'Флорида Пантерз']",23:38 20.06.2026,Настя Винник,"Чемпион мира Максим Сушинский отреагировал на информацию о требованиях российского вратаря Сергея Бобровского по новому контракту с «Флоридой Пантерз». Сообщалось, что 37-летний голкипер хочет получать $ 6-7 млн в год по контракту на семь-восемь лет. «Ну слушайте, это ведь переговорная позиция хоккеиста. Тем более он вправе на это, так как он лучший игрок на своей позиции в НХЛ в последние годы. Вместе с ним «пантеры» выигрывали Кубок Стэнли. Поэтому почему нет? Он может себе это позволить», – приводит слова Сушинского Vprognoze. Этим летом у Бобровского заканчивается контракт с «Флоридой» с зарплатой $ 10 млн в год, подписанный в 2019 году. В минувшем регулярном чемпионате Бобровский провёл 52 матча и одержал 27 побед при коэффициенте надёжности 3,07 и 87,7% отражённых бросков. Сергей вместе с «Пантерз» взял два Кубка Стэнли – в 2024 и 2025 годах.",news
«Он невероятен». Райс восхищён речью Тухеля в перерыве матча Англии с Хорватией на ЧМ-2026,https://www.championat.com/football/news-6515142-on-neveroyaten-rajs-voshischyon-rechyu-tuhelya-v-pereryve-matcha-anglii-s-horvatiej-na-chm-2026.html,"['Томас Тухель', 'Футбол', 'ЧМ-2026', 'Деклан Райс', 'ЧМ по футболу 2026', 'Сборная Англии — Футбол']",14:43 21.06.2026,Анжела Лосанова,"Полузащитник сборной Англии Деклан Райс поделился впечатлением, которое на него произвёл главный тренер команды Томас Тухель в перерыве матча с Хорватией (4:2) на чемпионате мира по футболу – 2026. «Он дал нам совершенно другой взгляд на футбольный матч. Такое не часто услышишь в перерыве матча. Думаю, это то, чего нам не хватало. Как наставник и как стратег он невероятен», — рассказал Райс в интервью ITV Football. Ранее стало известно, что после окончания первого тайма в матче с Хорватией Тухель произнёс воодушевляющую речь в раздевалке, поскольку счёт был ничейным — 2:2. После перерыва Англия одержала победу со счётом 4:2. В следующем матче группового этапа сборная Англии сыграет с командой Ганы 23 июня.",report
Тунис — Япония: стартовые составы команд на матч чемпионата мира по футболу — 2026,https://www.championat.com/football/news-6514736-tunis-yaponiya-startovye-sostavy-komand-na-match-chempionata-mira-po-futbolu-2026-21-iyunya-2026.html,"['Футбол', 'ЧМ-2026', 'Сборная Туниса — Футбол', 'ЧМ по футболу 2026', 'Сборная Японии — Футбол']",05:41 21.06.2026,Сергей Базекин,"В воскресенье, 21 июня, состоится матч 2-го тура группы F чемпионата мира по футболу 2026 года между сборными Туниса и Японии. Игра пройдёт на стадионе ББВА (Гуадалупе, Мексика). В качестве главного арбитра выступит Иштван Ковач (Карей, Румыния). Стартовый свисток судьи прозвучит в 7:00 мск. Чемпионат проведёт текстовую онлайн-трансляцию матча. Стартовые составы команд. Тунис: Дамен, Абди, Тальби, Рекик, Бронн, Валери, Межбри, Скири, Слимане, Тунекти, Саад. Япония: Судзуки, Итакура, Х. Ито, Томиясу, Танака, Доан, Накамура, Д. Ито, Камада, Сано, Уэда. В 1-м туре группы F тунисская национальная команда разгромно уступила Швеции — 1:3. Япония сыграла вничью со сборной Нидерландов — 2:2. Групповой этап продлится с 11 по 27 июня. Команды играют друг с другом по кругу (по три матча каждая). В плей-офф выйдут по две лучшие сборные из каждой группы, а также восемь лучших команд, занявших третье место.",report
Соболенко проиграла Пегуле в полуфинале турнира в Берлине,https://ria.ru/20260620/sobolenko-2100075830.html,"['Берлин (город)', 'Спорт', 'Теннис', 'Филиппины']",17:44 20.06.2026,Нет автора,"Первая ракетка мира белоруска Арина Соболенко уступила американке Джессике Пегуле в полуфинале травяного теннисного турнира категории WTA 500 в Берлине, призовой фонд которого превышает 1 млн евро.  Встреча завершилась со счетом 6:4, 6:7 (4:7), 6:0 в пользу третьей сеяной Пегулы, которая занимает четвертое место в рейтинге Женской теннисной ассоциации (WTA). На тай-брейке второго сета игра была приостановлена из-за дождя. Спортсменки провели на корте 2 часа 13 минут.  Счет в личных встречах стал 9-4 в пользу белоруски.  В финале Пегула сыграет против победительницы матча между чешкой Линдой Носковой (восьмая сеяная) и Александрой Эалой из Филиппин.",report
Рафинья пропустит матч Бразилия — Шотландия на ЧМ. Стал известен характер травмы — Романо,https://www.championat.com/football/news-6514582-rafinya-propustit-match-braziliya-shotlandiya-na-chm-stal-izvesten-harakter-travmy-romano.html,"['Футбол', 'ЧМ-2026', 'Сборная Шотландии — Футбол', 'ЧМ по футболу 2026', 'Травмы — футбол', 'Рафинья Рафаэл Диас Беллоли', 'Сборная Бразилии — Футбол']",23:35 20.06.2026,Евгений Гуляев,"Вингер сборной Бразилии Рафинья пропустит матч своей национальной команды с Шотландией в 3-м туре группы С на чемпионате мира 2026 года 25 июня, сообщает журналист Фабрицио Романо на своей странице в социальной сети Х. У Рафиньи обнаружена мышечная травма правого бедра, подтверждённая результатами обследования сборной Бразилии. Рафинья пройдёт интенсивное лечение, останется в составе сборной Бразилии на чемпионате мира и будет стремиться восстановиться к следующим этапам турнира. На 40-й минуте матча 2-го тура группового этапа ЧМ-2026 с командой Гаити (3:0) Рафинья был заменён из-за повреждения. Перед заменой игрок присел на газон, после чего на поле вышли медики для оказания помощи. Чемпионат мира по футболу — 2026 проходит в США, Канаде и Мексике с 11 июня по 19 июля. Действующим чемпионом мира является сборная Аргентины. В финале первенства планеты 2022 года аргентинская национальная команда встречалась с Францией. Основное время игры закончилось со счётом 3:3, однако в серии пенальти сильнее оказались аргентинцы (4:2).",report
«Он один из самых совершенных полузащитников в мире». Кроос заступился за Беллингема,https://www.championat.com/football/news-6515104-on-odin-iz-samyh-sovershennyh-poluzaschitnikov-v-mire-kroos-zastupilsya-za-bellingema.html,"['Джуд Беллингем', 'Футбол', 'ЧМ-2026', 'ФК Реал Мадрид', 'ЧМ по футболу 2026', 'Сборная Англии — Футбол', 'Тони Кроос']",13:59 21.06.2026,Анжела Лосанова,"Бывший игрок мадридского «Реала» немецкий футболист Тони Кроос поддержал полузащитника сборной Англии Джуда Беллингема, который в текущем сезоне подвергается резкой критике со стороны СМИ и болельщиков. «Его первый год в Мадриде был сумасшедшим. Это меня очень удивило. Он один из самых совершенных полузащитников в мире. Я вижу в нём очень редкие и уникальные качества. Его способности и действия на поле действительно особенные», — приводит слова Крооса Goal.com. Напомним, в матче сборной Англии с Хорватией (4:2) на ЧМ2-2026 Джуд Беллингем вывел английскую команду вперёд на 47-й минуте. Во 2-м туре группового этапа ЧМ английская национальная команда встретится с Ганой (23 июня), в 3-м — с Панамой (28 июня).",news
Известен первый соперник Романа Сафиуллина в квалификации Уимблдона-2026,https://www.championat.com/tennis/news-6515272-izvesten-pervyj-sopernik-romana-safiullina-v-kvalifikacii-uimbldona-2026.html,"['Николоз Басилашвили', 'Роман Сафиуллин', 'Николай Будков Кьер', 'Уимблдон', 'Уимблдон 2026', 'Уго Гренье', 'Теннис']",16:57 21.06.2026,Мария Шаврикова,"Стала известна сетка квалификации мужского Уимблдона-2026. 131-я ракетка мира российский теннисист Роман Сафиуллин на старте квалификации сыграет с представителем Австралии Джеймсом Маккейбом (205-й в рейтинге). Матч запланирован на понедельник, 22 июня. Теннис. Уимблдон-2026. Мужчины. Квалификация. Стартовые матчи (частично): Ранее на «Ролан Гаррос» Роман Сафиуллин прошёл квалификацию и в первом круге проиграл норвежцу Касперу Рууду со счётом 3:6, 6:7 (5:7), 7:5, 6:0, 2:6. Матчи основной сетки Уимблдона-2026 стартуют 29 июня и завершатся 12 июля. Действующим чемпионом соревнований является итальянец Янник Синнер. В прошлогоднем финале он обыграл испанца Карлоса Алькараса.",news
Статистика исторического матча Эквадор — Кюрасао с тотальным преимуществом эквадорцев,https://www.championat.com/football/news-6514778-statistika-istoricheskogo-matcha-ekvador-kyurasao-s-totalnym-preimuschestvom-ekvadorcev.html,"['Сборная Кюрасао — Футбол', 'Футбол', 'Сборная Эквадора — Футбол', 'ЧМ-2026', 'Статистика', 'ЧМ по футболу 2026']",07:10 21.06.2026,Сергей Челищев,"Сборная Кюрасао впервые в своей истории набрала очко на чемпионатах мира — команда Дика Адвоката сыграла вничью с Эквадором (0:0) во 2-м туре группового этапа ЧМ-2026. Матч прошёл в Канзас-Сити (США) и стал историческим для карибской сборной: несмотря на постоянное давление соперника, Кюрасао сумела удержать нулевую ничью и добыть первое очко на турнире. Статистика матча Эквадор — Кюрасао: Главным героем и лучшим игроком встречи стал вратарь Кюрасао Элой Ром, совершивший 15 сейвов и фактически спасший команду от поражения. В заключительном туре Кюрасао сыграет против Кот-д’Ивуара, а Эквадор встретится с Германией. Оба матча пройдут 25 июня. Репортаж «Чемпа» с трибуны сборной Кюрасао на ЧМ-2026",analytics
Испания — Саудовская Аравия: стартовые составы команд на матч ЧМ-2026,https://www.championat.com/football/news-6515330-ispaniya-saudovskaya-araviya-startovye-sostavy-komand-na-match-chm-2026-21-iyunya-2026.html,"['Сборная Саудовской Аравии — Футбол', 'ЧМ по футболу 2026', 'Сборная Испании — Футбол', 'Футбол']",17:36 21.06.2026,Евгений Гуляев,"Сегодня, 21 июня, состоится матч 2-го тура группы H чемпионата мира по футболу 2026 года, в котором встретятся сборные Испании и Саудовской Аравии. Игра пройдёт на стадионе «Мерседес-Бенц Стэдиум» в Атланте, США. В качестве главного арбитра выступит Рафаэл Клаус (Санта-Барбара-д'Уэсти, Бразилия). Стартовый свисток судьи прозвучит в 19:00 мск. «Чемпионат» проведёт текстовую онлайн-трансляцию встречи. Стартовые составы команд. Испания: Симон, Кубарси, Лапорт, Кукурелья, Порро, Родри, Педри, Ольмо, Ямаль, Оярсабаль, Баэна. Саудовская Аравия: Аль-Оваис, Аль-Тамбакти, Аль-Амри, Абдулхамид, Аль-Харби, Канно, Аль-Хайбари, Аль-Джуваир, Аль-Давсари, Аль-Шамат, Аль-Бурайкан. После 1-го тура все команды в группе Н набрали по одному очку. Сборная Испании не смогла победить Кабо-Верде (0:0), а Саудовская Аравия сыграла вничью с командой Уругвая (1:1). В 3-м туре испанская национальная команда встретится с Уругваем (27 июня), а сборная Саудовской Аравии в этот же день — с Кабо-Верде. Чемпионат мира по футболу — 2026 проходит в США, Канаде и Мексике с 11 июня по 19 июля. Действующим чемпионом мира является сборная Аргентины. В финале первенства планеты 2022 года аргентинская национальная команда встречалась с Францией. Основное время игры закончилось со счётом 3:3, однако в серии пенальти сильнее оказались аргентинцы (4:2).",report
Результаты турнира UFC Fight Night 279 с боями Куцелабы и Манела Капе,https://www.championat.com/boxing/news-6514756-rezultaty-turnira-ufc-fight-night-279-s-boyami-kucelaby-i-manela-kape.html,"['Ион Куцелаба', 'Бокс/ММА', 'UFC']",06:14 21.06.2026,Сергей Челищев,В Лас-Вегасе (США) на арене UFC Apex завершился турнир UFC Fight Night 279. Главным событием вечера стал поединок Манела Капе против Кёдзи Хоригути. Капе одержал победу техническим нокаутом в третьем раунде. Полные результаты UFC Vegas 119: Строительство арены для UFC у Белого дома,report
"AS: «Реал» не продаст Вальверде, основные кандидаты на уход — Тчуамени и Камавинга",https://www.championat.com/football/news-6515186-as-real-ne-prodast-valverde-osnovnye-kandidaty-na-uhod-tchuameni-i-kamavinga.html,"['Федерико Вальверде', 'Футбол', 'Испания', 'ФК Реал Мадрид', 'Орельен Тчуамени', 'Эдуарду Камавинга', 'Трансферы']",15:18 21.06.2026,Дмитрий Тучков,"Мадридский «Реал» планирует продать некоторых футболистов центра поля с целью проинвестировать грядущие трансферы. Главными кандидатами на уход из клуба являются полузащитники Орельен Тчуамени и Эдуарду Камавинга. Об этом сообщает AS. По информации источника, «сливочные» не будут продавать полузащитника и капитана Федерико Вальверде, в том числе, несмотря на его драку с Тчуамени. В клубе считают, что уругвайский футболист сыграет ключевую роль в новом проекте «Реала». Однако подчёркивается, что из-за ситуации с Тчуамени и недоверия к экс-тренеру команды Хаби Алонсо в некоторых моментах руководство испанского гранда стало внимательнее присматриваться к поведению Вальверде. Почему «Реал» Мадрид — лучший клуб XX века:",news
ФИФА назвала лучшего игрока матча ЧМ-2026 Германия — Кот-д'Ивуар,https://www.championat.com/football/news-6514648-fifa-nazvala-luchshego-igroka-matcha-chm-2026-germaniya-kot-d-ivuar.html,"['Сборные ЧМ-2026', 'Футбол', 'ФИФА', 'Сборная Германии — Футбол', 'ЧМ-2026', 'Дениз Ундав', 'Статистика', 'ЧМ по футболу 2026', ""Сборная Кот-д'Ивуара — Футбол"", 'Чемпионат мира - Футбол']",01:46 21.06.2026,Евгений Гаврильченко,"Нападающий сборной Германии Дениз Ундав был назван лучшим игроком матча группового этапа чемпионата мира 2026 года, в котором его команда победила Кот-д'Ивуар. Встреча завершилась со счётом 2:1. По ходу матча немцы уступали в счёте, но отыгрались и одержали верх, забив на 90+4-й минуте. 29-летний футболист начал игру, выйдя на замену на 60-й минуте. Всего он провёл 30 минут и отметился дублем. Всего на его счету три удара по воротам (все в створ), два ключевых паса. Немецкий футболист не выиграл ни одного единоборства и совершил один фол. Точность его передач составила 88%. В 3-м туре немецкая национальная команда встретится с Эквадором (25 июня), а сборная Кот-д'Ивуара — с Кюрасао (25 июня).",report
«У «Динамо» будут проблемы». Плющев оценил обмен Макса Комтуа в «Спартак»,https://www.championat.com/hockey/news-6515310-u-dinamo-budut-problemy-plyuschev-ocenil-obmen-maksa-komtua-v-spartak.html,"['ХК Спартак', 'ХК Динамо Москва', 'Хоккей', 'Владимир Плющев', 'Макс Комтуа', 'КХЛ']",17:10 21.06.2026,Антон Панченко,"Бывший главный тренер сборной России Владимир Плющев поделился мнением о переходе нападающего Макса Комтуа из московского «Динамо» в «Спартак». Форвард Никита Коростелёв пополнил состав бело-голубых в результате обмена с красно-белыми. «В принципе, Комтуа — интересный игрок, но дело не в этом. Команда ведь состоит не из отдельных игроков. Поэтому, как он впишется в «Спартак», с учётом вообще всех перипетий — нового тренерского штаба и так далее — это вопрос. Что касается «Динамо», наверное, будут проблемы у них», — цитирует Плющева LiveResult. Комтуа в московском «Динамо» провёл два сезона. На счету форварда за бело-голубых 134 матча и 97 (47+50) набранных очков. Вместе с динамовцами Макс стал бронзовым медалистом чемпионата КХЛ (2025).",analytics
Результаты матчей ЧМ по футболу — 2026 на 21 июня 2026 года,https://www.championat.com/football/news-6514834-rezultaty-matchej-chm-po-futbolu-2026-na-21-iyunya-2026-goda.html,"['Сборная Кюрасао — Футбол', 'Футбол', 'Сборная Германии — Футбол', 'ЧМ-2026', 'Сборная Эквадора — Футбол', 'Сборная Нидерландов — Футбол', 'Сборная Швеции — Футбол', 'Сборная Туниса — Футбол', 'ЧМ по футболу 2026', ""Сборная Кот-д'Ивуара — Футбол"", 'Сборная Японии — Футбол']",08:58 21.06.2026,Андрей Герасимов,"В ночь с 20 на 21 июня в группах E и F прошли матчи 2-го тура группового этапа чемпионата мира 2026 года. «Чемпионат» предлагает ознакомиться с результатами игр. Результаты матчей ЧМ по футболу — 2026 на 21 июня 2026 года: Чемпионат мира — 2026 года проходит в Соединённых Штатах Америки, Мексике и Канаде. Турнир стартовал 11 июня и завершится 19 июля. Действующим чемпионом мира является сборная Аргентины, которая в 2022 году в Катаре обыграла в финале национальную команду Франции в серии послематчевых пенальти.",report
"""Привел домой и спустил в подвал"". Странная история любви Йоханнеса Клебо",https://ria.ru/20260614/klebo-2098854909.html,"['Лыжные виды спорта', 'Авторы РИА Новости Спорт', 'Тронхейм', 'Лыжные гонки', 'Йоханнес Хёсфлот Клебо']",13:45 14.06.2026,Сергей Смышляев,"Они познакомились девять лет назад и до сих пор официально не женаты. Эта девушка буквально свела с ума лучшего лыжника в истории. Но Йоханнес Клебо почему-то не торопится не только заводить детей, но и связывать себя узами брака. РИА Новости Спорт рассказывает историю любви 11-кратного олимпийского чемпиона и сногсшибательной студентки из Тронхейма. ""Она была крепким орешком. Мне пришлось напрячься, чтобы заполучить ее"", - признавался Клебо, рассказывая о том, как пытался завоевать сердце знойной красотки. Пернилла Десвик училась на инженера-строителя, но по-настоящему нашла себя в дизайне. Она всерьез увлеклась социальными сетями и со временем начала работать с цифровым контентом для крупных норвежских брендов. Знакомство Йоханнеса с Перниллой можно с уверенностью отнести к нестандартным. Да, общение началось, как это часто бывает, в социальных сетях. Лайк под одной из фотографий перерос в переписку. А вот рассказ лыжника о первом свидании удивил многих. К тому моменту он уже обрел всемирную известность, поэтому старался скрывать личную жизнь от посторонних глаз. Поэтому на первое свидание пригласил девушку… К себе домой. Пернилла, мягко говоря, была ошарашена. Но все же дала согласие. ""У меня как раз был прорыв в лыжной карьере, поэтому осторожничал. Чтобы не давать повод для слухов о том, что я с кем-то встречаюсь. Так что ей настолько не повезло, что пришлось идти прямо ко мне домой. И первыми, кого она там встретила, оказались мама и папа. А еще брату с сестрой обязательно нужно было зайти и посмотреть, кто там пришел в гости"", рассказывал Клебо в подкасте у Иды Фладен. Чтобы спрятаться от лишних глаз, пара спустилась в подвал, где был оборудован домашний кинотеатр. Таким образом, на первой встрече она познакомилась не только с молодым человеком, но и с его семьей. Пернилла не раз признавалась, что ее покорило чувство юмора и искорка в глазах Йоханнеса. Хотя и не сразу раскрылась настойчивому поклоннику. Сам Клебо, не стесняясь, признавался, что поначалу он был не столь интересен девушке, как она ему: ""Мне пришлось постараться, чтобы завоевать ее внимание"". А еще Йоханнеса испугала прямолинейность возлюбленной. Он никак не мог привыкнуть к тому, что она напрямую говорит то, что думает. Моментами молодого человека даже обижала подобная манера общения, но со временем он понял: в таком характере есть немало плюсов. ""Она довольно жесткий человек, - признавался Йоханнес. - Говорит то, что думает, очень прямо. Мне это причиняло некоторый дискомфорт. Было сложно понять, как с этим иметь дело. Но постепенно я стал это очень ценить. Считаю, что это упрощает общение"". Пернилла не скрывала недовольства по поводу того, что они проводят мало времени вместе. Она понимала, что такова жизнь спортсмена, но первое время никак не хотела с этим мириться. Девушке потребовалось несколько лет, чтобы свыкнуться с разлуками, длящимися иногда по несколько месяцев. Более того, перед встречами Клебо требовал у нее оставаться несколько дней дома, сажая девушку на своеобразный карантин: ""Чтобы я не заболел. Но она же знала, на что шла"". В 2018 года пара съехалась и стала жить вместе. Но, к сожалению, это не сильно упростило отношения. Перед важными стартами, такими, как чемпионат мира или Олимпийские игры, Йоханнес и Пернилла могут не видеться неделями. Например, перед Играми-2026 разлука составила около трех месяцев. И только после победного марафона норвежец смог впервые с декабря поцеловать возлюбленную. Особенно сложным стал период пандемии. Йоханнес тогда запретил своей избраннице выходить из дома. Пернилла отнеслась к этому с пониманием и даже перешла на дистанционное обучение. В том году она потеряла бабушку и дедушку, но Клебо не смог посетить похороны. ""Это наверняка было тяжело для нее. Она делает для меня все каждый день на протяжении всего года, но, когда я нужен ей больше всего, я не могу быть с ней, как мне следовало бы"", - сетовал лыжник. Его мучали угрызения совести, но поставить на кон спортивные успехи норвежец позволить себе не мог. Да, он признавал себя эгоистом, говорил об этом открыто. Но меняться не торопился. Что очередной раз подтвердила история со свадьбой. Летом 2025 года пара объявила о помолвке. Пернилла опубликовала в соцсетях фото с шикарным кольцом. Но впереди Клебо ждала Олимпиада. И даже после нее не появилось никакой ясности. ""Нужно как следует подготовиться. Думаю, это будет где-то в 2027 году, но я не знаю, когда именно. Понятия не имею, когда и где"", - заявил Йоханнес. ""Все немного сумбурно, в общем-то, в духе сезона Йоханнеса, - развела руками Пернилла. - Мы все еще на начальной стадии, и никаких важных решений пока не принято"".",analytics
"Бельгия — Иран: во сколько начало матча группового этапа ЧМ по футболу 2026, кто смотреть",https://www.championat.com/football/news-6514750-belgiya-iran-vo-skolko-nachalo-matcha-gruppovogo-etapa-chm-po-futbolu-2026-kto-smotret.html,"['Футбол', 'Сборная Бельгии — Футбол', 'ЧМ-2026', 'Сборная Ирана — Футбол', 'ЧМ по футболу 2026']",08:15 21.06.2026,Андрей Герасимов,"21 июня состоится матч 2-го тура группы G чемпионата мира по футболу 2026 года между сборными Бельгии и Ирана. Игра пройдёт на стадионе «Соу-Фай» в Инглвуде (США). Матч в прямом эфире покажет онлайн-платформа «Кинопоиск». Стартовый свисток арбитра прозвучит в 22:00 мск. «Чемпионат» проведёт текстовую онлайн-трансляцию встречи. После 1-го тура у всех участников группы G по одному набранному очку в активе. В 3-м туре сборная Бельгии встретится с национальной командой Новой Зеландии (27 июня), а Иран в 3-м туре сыграет с Египтом (также 27 июня). Чемпионат мира 2026 года проходит в США, Канаде и Мексике с 11 июня по 19 июля. Действующим чемпионом мира является сборная Аргентины.",news
Людмила Самсонова прервала серию из пяти поражений,https://www.championat.com/tennis/news-6515130-lyudmila-samsonova-prervala-seriyu-iz-pyati-porazhenij.html,"['Людмила Самсонова', 'WTA', 'Теннис']",15:25 21.06.2026,Элина Чудинова,"Российская теннисистка Людмила Самсонова, занимающая 37-ю строчку рейтинга, перевала серию из пяти поражений на уровне WTA. Это случилось на травяном турнире категории WTA-500 в немецком Бад-Хомбурге. Самсоновой удалось обыграть чешку Катержину Синякову (34-я строчка рейтинга). В серию из пяти поражений включены проигрыш британке Хэрриет Дарт (160-я строчка рейтинга) в первом круге Лондона (Великобритания), бельгийке Элисе Мертенс (24-й номер рейтинга) в Берлине (Германия), швейцарке Хиль Тайхман (130-я строчка рейтинга) на «Ролан Гаррос», австралийке Дарье Касаткиной (69-й номер рейтинга) в Страсбурге (Франция) и австрийке Анастасии Потаповой (26-я строчка рейтинга) в Риме (Италия).",news
Почему Вяльбе и Губерниев не помирятся? Но их войне все-таки конец,https://ria.ru/20260519/guberniev-2093337799.html,"['Александр Тихонов', 'Дмитрий Губерниев', 'Авторы РИА Новости Спорт', 'Лыжные гонки', 'Елена Вяльбе', 'Александр Панжинский', 'Спорт']",16:01 19.05.2026,Сергей Смышляев,"Дмитрий Губерниев анонсирует примирение с Еленой Вяльбе, будто забывая прежнюю грязь. Что это за PR-акция и кому она нужна – в материале РИА Новости. В российских лыжных гонках революция – шестнадцать лет ими руководившая Елена Вяльбе стала лишь заместителем нового босса – депутата Госдумы Дмитрия Свищева в объединенной Федерации лыжных видов спорта и сноуборда России. Свищев сразу сделал акцент на медийности новой организации. Обещал KPI по работе со СМИ. Как опытный функционер он прекрасно понимает, что вспоминать об условных горных лыжах прессе хорошо бы не только раз в четыре года во время Олимпийских игр. Логично, что Свищев хочет использовать медийный потенциал Губерниева. Но многолетняя война между телеведущим и Вяльбе может разрушить эти планы. Хотя, по заявлениям Дмитрия в интервью ""Матч ТВ"", его примирение с Еленой Валерьевной – дело чуть ли не решенное: ""Произошла встреча Дональда Трампа с председателем Си, а теперь после этого двойственного союза будет тройственный — Свищев, Вяльбе и Губерниев"". Дмитрий Александрович, в свою очередь, даже анонсировал момент Х: ""Я разговаривал по отдельности с каждым из них, и мы договорились встретиться сразу после конференции. Чтобы не откладывать надолго и пока все находятся в Москве. Совместная встреча пройдет 20 или 21 мая. Я не вижу сложностей в том, чтобы обо всем договориться и начать конструктивную работу"". Понятное дело, что для Губерниева фигура Вяльбе идеально подходила для самопиара - его главной цели. Лет девять назад трехкратная олимпийская чемпионка даже вступала в открытые перепалки с ним в различных интервью. А потом просто замолчала. Дмитрий же с каждым годом входил во вкус. Цеплялся за любое неаккуратно брошенное ей слово, смаковал любой скандал в лыжных гонках. И постепенно скатился до откровенного хамства и оскорблений. Некоторые даже встали на его сторону, отмечая его статус любимца публики и лучшего комментатора страны. Но в большинстве своем люди просто хватались за голову от подобных выпадов в адрес не просто великой спортсменки, а в первую очередь – женщины. ""Вяльбе - 14-кратная чемпионка мира, президент федерации. Как только ее ни поливает Губерниев. Это что такое? Вот где беда"", - озвучил одну из главных проблем российского спорта четырехкратный олимпийский чемпион по биатлону Александр Тихонов. Добавив: у молодежи сейчас весьма сомнительные примеры для подражания. Вяльбе как-то признавалась, что по молодости была чересчур открытым человеком. Легко подпускала людей, от чего периодически страдала. А потом просто начала максимально жестко фильтровать свое окружение: ""Слава тебе господи, эта шелуха постепенно сама по себе тоже отпадает, остаются только люди преданные. В которых веришь"". А еще она не раз признавалась: она человек не злопамятный. До поры до времени. Может ли она верить Губерниеву? Ответ очевиден. Судя по всему, несколько лет назад, когда Вяльбе перестала даже произносить вслух фамилию Дмитрия, случился переломный момент. Этот человек перестал для нее существовать. И дело окончательно перешло в плоскость ""собака лает, караван идет"", как недавно подметил известный лыжник Александр Панжинский. Возможно ли их настоящее примирение? Вряд ли. Сложно даже представить, что нужно сделать и как раскаяться Губерниеву, чтобы буквально воскреснуть для Вяльбе из ""мертвых"". Полезна была бы их совместная работа в новой федерации? Во-первых, не думается, что подобное реальное (а не только на словах) трудоустройство нужно самому шоумену. А во-вторых, такое союзничество неинтересно самой Вяльбе. Даже не будь между ними войны. А вот как в данной ситуации выпутываться Свищеву – вопрос открытый. Может быть, неспроста в недавнем интервью РИА Новости Вяльбе говорила: ""Дмитрий Александрович прекрасно знает мой характер. Если что-то нужно будет отстаивать, мне все равно, что он - начальник, глотку буду драть"".",analytics
«Майами» предложил «Милуоки» обмен с участием Хирроу и 4 команд ради Янниса Адетокунбо,https://www.championat.com/basketball/news-6514962-majami-predlozhil-miluoki-obmen-s-uchastiem-hirrou-v-obmen-na-yannisa-adetokunbo.html,"[""Кел'эл Уэр"", 'Джейк Ларэвиа', 'Милуоки Бакс', 'Детройт Пистонс', 'Джарред Вандербилт', 'Андре Джексон', 'Обмены — Баскетбол', 'Лос-Анджелес Лейкерс', 'Майлз Тёрнер', 'Карис Леверт', 'Яннис Адетокунбо', 'Тайлер Хирроу', 'Драфт НБА', 'Майами Хит', 'Никола Йович', 'Айзея Стюарт', 'НБА', 'Баскетбол', 'Бобби Портис', 'Маркус Сассер', 'Далтон Кнехт']",11:59 21.06.2026,Павел Пикунов,"Руководство команды Национальной баскетбольной ассоциации (НБА) «Майами Хит» предложило «Милуоки Бакс» крупный пакет на четыре коллектива для обмена 31-летнего греческого форварда и чемпиона лиги Янниса Адетокунбо, о чём сообщил инсайдер Эван Сайдери.",news
"Хэмилтон заявил, что намерен сражаться за чемпионский титул в ""Формуле-1""",https://ria.ru/20260614/khemilton-2098886991.html,"['Феррари', 'Льюис Хэмилтон', 'Мерседес', 'Спорт', 'Формула-1']",19:33 14.06.2026,Нет автора,"Британский пилот ""Феррари"" Льюис Хэмилтон после победы на Гран-при Барселоны заявил, что борьба за чемпионский титул ""Формулы-1"" еще не закончена.  В воскресенье Хэмилтон одержал первую за два года победу на этапах ""Формулы-1"", в то время как победитель пяти предыдущих гонок итальянец Кими Антонелли из ""Мерседеса"" сошел с дистанции. В личном зачете отставание идущего на втором месте Хэмилтона от Антонелли после семи этапов сократилось до 41 очка.  ""Мне кажется, я просто возвращаюсь к своей форме, у меня была отличная подготовка. Я так много тренировался, чтобы оказаться здесь сегодня. За всем этим стоит огромная работа, которую я проделываю за кулисами, плюс команда дает мне уверенность. Они доверяют моим решениям, слушают мои пожелания, и мы понемногу начинаем видеть, как все это складывается воедино"", - цитирует Хэмилтона официальный сайт ""Формулы-1""  ""И, наверное, я просто счастлив по жизни. Я люблю то, чем занимаюсь, нет ничего лучше, чем пилотировать машину ""Формулы-1"". Путь еще очень долгий, и у ""Мерседеса"" по-прежнему отличная скорость. Но мы продолжим работать, продолжим пытаться сократить этот разрыв. Еще не все кончено, это точно"", - добавил британец.  Следующий этап - Гран-при Австрии - пройдет на гоночной трассе в Шпильберге с 26 по 28 июня.",news
"«Превращаюсь в любителя». Сергей Устюгов показал, как проходит его пробежка",https://www.championat.com/skiing/news-6515046-prevraschayus-v-lyubitelya-sergej-ustyugov-pokazal-kak-prohodit-ego-probezhka.html,"['Видео', 'Лыжи', 'Сергей Устюгов', 'Кубок России']",13:28 21.06.2026,Элина Чудинова,"Олимпийский чемпион 2022 года в лыжной эстафете, двукратный чемпион мира россиянин Сергей Устюгов показал в своём телеграм-канале, как проходит его пробежка вне программы подготовки к сезону. «Мы вышли на пробежку. Он ярый ЗОЖник, а я только на пути. Впервые за долгое время вышел на тренировку без часов и без напульсника. Превращаюсь в любителя. Даже лицо большое – в кепку не помещается! Бежим! Погода классная!» – сказал Устюгов. Ранее Сергей Устюгов заявил, что больше не планирует выступать на соревнованиях. Также Устюгов является двукратным чемпионом мира в cкиатлоне 15+15 км и командном спринте.",analytics
Швеция проиграла матч чемпионата мира с разницей в три гола и более впервые с 1958 года,https://www.championat.com/football/news-6514570-shveciya-proigrala-match-chempionata-mira-s-raznicej-v-tri-gola-i-bolee-vpervye-s-1958-goda.html,"['Футбол', 'ЧМ-2026', 'Сборная Нидерландов — Футбол', 'Сборная Швеции — Футбол', 'ЧМ по футболу 2026']",23:50 20.06.2026,Николай Гордеев,"Сборная Швеции уступила национальной команде Нидерландов со счётом 1:5 во встрече 2-го тура группы F ЧМ-2026. Таким образом, сине-жёлтые проиграли матч чемпионата мира с разницей в три гола и более впервые с 1958 года. Об этом сообщает аккаунт OptaJoe в социальной сети X. Тогда в финале первенства мира сборная Швеции проиграла Бразилии со счётом 2:5. На данный момент Нидерланды набрали четыре очка и занимают первое место в таблице группы F. Швеция с тремя очками располагается на второй строчке. Япония и Тунис набрали одно и ноль очков соответственно и располагаются на третьей и четвёртой строчках, при этом команды ещё не сыграли матч 2-го тура. В 1-м туре группы F сборная Нидерландов сыграла вничью с Японией (2:2), а сборная Швеции разгромила Тунис (5:1). В заключительном туре нидерландцы встретятся с Тунисом (26 июня), а шведы — с Японией (также 26 июня). Групповой этап продлится с 11 по 27 июня. Команды играют в один круг — каждая проведёт по три матча. В плей-офф выйдут по две лучшие сборные из каждой группы, а также восемь команд, занявших третьи места.",report
"Психолог дал совет, как перестать сравнивать свой отпуск с чужим",https://www.championat.com/lifestyle/news-6512818-psiholog-dal-sovet-kak-perestat-sravnivat-svoj-otpusk-s-chuzhim.html,"['Рекомендации', 'Психология', 'Lifestyle', 'Мотивация', 'Эксклюзив']",13:30 21.06.2026,Софья Соломатина,"Эксперт в области психологии Родион Чепалов в беседе с «Чемпионатом» дал совет, как перестать сравнивать свой отпуск с чужим. Одни смотрят фотографии и думают: «у меня нет такого загара». Другие видят круиз и переживают: «я не могу себе это позволить». Третьи сравнивают одежду, интерьеры отелей, развлечения, семью или количество лайков. При этом человек, отдыхающий на море, может завидовать тому, кто сплавляется на байдарках, турист в горах мечтает о круизе, а пассажир лайнера завидует тем, кто путешествует по старинным городам. Всегда найдётся кто-то, у кого отпуск выглядит эффектнее. «Полезно вести дневник впечатлений. Не «что было лучше, чем у других», а «что понравилось лично мне», например: «Сегодня видел рассвет над озером. Смеялся с друзьями. Попробовал новое блюдо». Упражнение «Мой отпуск без зрителей»: спросите себя, поехали бы вы туда, если бы нельзя было выкладывать фотографии. Если ответ да, значит это действительно ваше желание. Ещё одно упражнение: каждый вечер записывать три момента дня, которые нельзя передать на фото. Запах моря, разговор у костра, чувство ветра в горах. Именно из таких моментов обычно и состоит настоящий отдых», — сказал эксперт. Мы хотим быть источником мотивации для вас. Начинайте меняться к лучшему вместе с нами! В нашем телеграм-канале @championat_lifestyle рассказываем, как правильно питаться, тренироваться и расслабляться.",analytics
Главный врач ЦСКА оценил вероятность возвращения Акинфеева на поле к началу сезона,https://www.championat.com/football/news-6515032-glavnyj-vrach-cska-ocenil-veroyatnost-vozvrascheniya-akinfeeva-na-pole-k-nachalu-sezona.html,"['Игорь Акинфеев', 'РПЛ', 'Футбол', 'Эдуард Безуглов', 'ПФК ЦСКА']",13:03 21.06.2026,Владимир Четверик,"Главный врач ЦСКА Эдуард Безуглов оценил шансы возвращения вратаря Игоря Акинфеева на поле после травмы. Голкипер получил повреждение в матче 23-го тура РПЛ с «Акроном» (2:1) и должен был вернуться в течение двух недель, но у него начался воспалительный процесс. Футболисту пришлось досрочно завершить сезон-2025/2026. «Игорь Акинфеев продолжает восстановление с хорошей динамикой. Сборы он будет проводить с командой, но тренироваться — пока индивидуально. Вероятность, что Акинфеев будет готов к сезону, есть. Он сам настроен позитивно», — передаёт слова Безуглова корреспондент «Чемпионата» Владимир Четверик.",analytics
Ямаль вошел в стартовый состав сборной Испании на матч с Саудовской Аравией,https://ria.ru/20260621/yamal-2100177948.html,"['ЧМ по футболу 2026', 'Нассер Аль-Давсари', 'Саудовская Аравия', 'Международная федерация футбола (ФИФА)', 'Ламин Ямаль', 'Унаи Симон', 'Спорт', 'Испания', 'Атланта', 'Футбол']",17:45 21.06.2026,Нет автора,"Нападающий сборной Испании Ламин Ямаль вошел в стартовый состав национальной команды на матч второго тура группового этапа чемпионата мира против команды Саудовской Аравии, сообщается на сайте Международной федерации футбола (ФИФА).  Встреча группы H пройдет в Атланте (США) в воскресенье и начнется в 19:00 мск.  Стартовый состав испанцев выглядит следующим образом: Унаи Симон (вратарь), Педро Порро, Пау Кубарси, Эмерик Лапорт, Марк Кукурелья, Педри, Родри, Дани Ольмо, Ламин Ямаль, Микель Оярсабаль, Алекс Баэна.  За сборную Саудовской Аравии с первых минут сыграют Мухаммед Аль-Уваис (вратарь), Али Ладжами, Абдулелах Аль-Амри, Хасан Ат-Тамбакти, Сауд Абдулхамид, Мотеб Аль-Харби, Мусаб Аль-Джувайр, Абдулла Аль-Хаибари, Нассер Аль-Давсари, Фирас Аль-Бурайкан, Салим Аль-Давсари (капитан).  В первом матче на турнире сборная Испании сыграла вничью с командой Кабо-Верде (0:0). Ямаль тогда вышел на замену во втором тайме.",report
«Ваше мнение никого не интересует». Генич назвал лучшего комментатора ЧМ-2026,https://www.championat.com/football/news-6514692-vashe-mnenie-nikogo-ne-interesuet-genich-nazval-luchshego-kommentatora-chm-2026.html,"['Футбол', 'Константин Генич', 'ЧМ-2026', 'Матч ТВ', 'ЧМ по футболу 2026', 'Чемпионат мира - Футбол']",03:29 21.06.2026,Евгений Гаврильченко,"Известный комментатор и телеведущий Константин Генич поделился личным мнением о том, кого считает лучшим комментатором на чемпионате мира 2026 года на данный момент. «Не спится. Наверное, перенервничал и распереживался;)) Раз уж такая тема, то… Послушал всех комментаторов на ЧМ, и ЛИЧНО ДЛЯ МЕНЯ (специально акцент делаю) пока лучше всех слушается Олег Пирожков. Ни одного вопроса. Но это для меня… Хотя 🤷‍♂️👇 «Ваше мнение никого не интересует» (с)», — написал Генич в своём телеграм-канале. Ранее Генич выразил недовольство своей работой на матче 2-го тура группового этапа чемпионата мира 2026 года, в котором национальная команда Нидерландов разгромила сборную Швеции со счётом 5:1, опубликовав забавное видео на своей странице в соцсетях.",analytics
«Зенит» запросил € 40 млн у «Наполи» за переход Луиса Энрике — Sport Mediaset,https://www.championat.com/football/news-6515222-zenit-zaprosil-eur-40-mln-u-napoli-za-perehod-luisa-enrike-sport-mediaset.html,"['ФК Зенит', 'РПЛ', 'Футбол', 'ФК Наполи', 'Луис Энрике да Силва', 'Трансферы']",16:05 21.06.2026,Дмитрий Тучков,"«Наполи» сделал запрос относительно нападающего «Зенита» Луиса Энрике. Санкт-петербургский клуб оценил возможный трансфер бразильского футболиста в € 40 млн. Об этом сообщает Sport Mediaset. По информации источника, в неаполитанской команде посчитали указанную цену завышенной, однако не отказываются от интереса к 25-летнему вингеру и стремятся договориться о снижении стоимости. Энрике перешёл в «Зенит» в январе 2025 года. Согласно информации, представленной на портале Transfermarkt, сине-бело-голубые заплатили € 33 млн за переход нападающего. В минувшем сезоне Энрике принял участие в 34 матчах во всех турнирах, в которых отметился шестью голами и четырьмя результативными передачами. Действующее трудовое соглашение игрока с клубом рассчитано до конца 2028 года. Почему на эмблеме «Зенита» две звезды:",news
"Главное с ЧМ-2026 на 21 июня: первое очко Кюрасао, Германия вышла в плей-офф",https://www.championat.com/football/news-6514866-glavnoe-s-chm-2026-na-21-iyunya-pervoe-ochko-kyurasao-germaniya-vyshla-v-plej-off.html,"['Сборная Кюрасао — Футбол', 'Футбол', 'Сборная Германии — Футбол', 'Лука Дончич', 'ЧМ-2026', 'Френки де Йонг', 'Дениз Ундав', 'Сборная Нидерландов — Футбол', 'Сборная Швеции — Футбол', 'Ислам Махачев', 'ЧМ по футболу 2026', 'Сборная Шотландии — Футбол', 'Сборная Туниса — Футбол', 'Мануэль Нойер', 'Грэм Поттер', 'Рафинья Рафаэл Диас Беллоли', 'Сборная Бразилии — Футбол']",10:00 21.06.2026,Дмитрий Тучков,"«Чемпионат» рассказывает о главных событиях с проходящего в эти дни чемпионата мира по футболу 2026 года. В сегодняшней подборке: сборная Германии стала третьей командой, гарантировавшей себе участие в плей-офф ЧМ-2026, Кюрасао под руководством Дика Адвоката набрало первое в истории очко на ЧМ, Тунис лишился шансов на выход в плей-офф ЧМ-2026. С результатами прошедшего игрового дня можно ознакомиться тут, а расписание встреч, которые пройдут сегодня, доступно по ссылке. Главные ожидания от ЧМ по футболу:",analytics
"Тренер Кот-д'Ивуара объяснил, почему «слоны» не смогли удержать победу в матче с Германией",https://www.championat.com/football/news-6514686-trener-kot-d-ivuara-obyasnil-pochemu-slony-ne-smogli-uderzhat-pobedu-v-matche-s-germaniej.html,"['Сборные ЧМ-2026', 'Футбол', 'Сборная Германии — Футбол', 'ЧМ-2026', 'ЧМ по футболу 2026', ""Сборная Кот-д'Ивуара — Футбол"", 'Чемпионат мира - Футбол']",03:17 21.06.2026,Евгений Гаврильченко,"Главный тренер сборной Кот-д'Ивуара Эмерс Фаэ прокомментировал поражение своей команды в матче 2-го тура группового этапа чемпионата мира 2026 года с национальной командой Германии. Встреча завершилась со счётом 1:2. С 30-й по 68-ю минуту африканская команда вела в счёте, но упустила даже ничью в компенсированное ко второму тайму время. «Это был матч высокого уровня, на кону стояло первое место. Мы забили первый гол и мощно начали второй тайм. Но нам не удалось довести счёт до 2:0 или 2:1. Мы играли хорошо, но детали были решающими. Нам немного не хватает опыта в этом плане. Когда играешь против сильных команд, никогда не застрахован от пропущенного гола», — приводит слова Фаэ официальный сайт Немецкого футбольного союза. На старте ЧМ-2026 Кот-д'Ивуар обыграл Эквадор (1:0), а Германия разгромила Кюрасао (7:1). В 3-м туре сборная Кот-д'Ивуара встретится с Кюрасао (25 июня), а немецкая национальная команда — с Эквадором (также 25 июня).",analytics
"Сорин заявил, что будет решать все рабочие вопросы с Вяльбе",https://ria.ru/20260519/sorin-2093335453.html,"['Россия', 'Егор Сорин', 'Москва', 'Лыжные гонки', 'Елена Вяльбе', 'Дмитрий Свищев', 'Спорт', 'Федерация лыжных гонок России (ФЛГР)']",15:44 19.05.2026,Нет автора,"Старший тренер сборной России по лыжным гонкам Егор Сорин заявил РИА Новости, что его должность не предполагает прямого взаимодействия с новым председателем объединенной Федерации лыжных видов спорта и сноуборда России Дмитрием Свищевым, поэтому все рабочие вопросы он решал и намерен решать в будущем с главным тренером Еленой Вяльбе.  В понедельник в Москве прошла отчетно-выборная конференция Федерации лыжных гонок России (ФЛГР), которая единогласно приняла решение об объединении лыжных федераций и федерации сноуборда и переименовании организации в Федерацию лыжных видов спорта и сноуборда России. Новым председателем единогласно избран Дмитрий Свищев.  ""С новым руководителем познакомила Елена Валерьевна на чествовании олимпийцев. Моя должность старшего тренера не предполагает общения напрямую с руководителем объединенной федерации. Все рабочие вопросы решал и, надеюсь, буду решать в будущем с главным тренером в лице Елены Валерьевны Вяльбе"", — сказал Сорин.",analytics
Губерниев — о письме к ФИБА о недопуске России: как делить шкуру неубитого медведя?,https://www.championat.com/basketball/news-6515040-guberniev-o-pisme-k-fiba-o-nedopuske-rossii-kak-delit-shkuru-neubitogo-medvedya.html,"['ФИБА', 'Отстранение России', 'Баскетбол', 'Матч ТВ', 'Дмитрий Губерниев', 'Чемпионат мира']",13:03 21.06.2026,Павел Пикунов,"Комментатор и советник министра спорта РФ Дмитрий Губерниев высказался о коллективном письме 10 стран к ФИБА о недопуске России и Беларуси на международные соревнования по баскетболу. «У нас вообще не заходит речь, чтобы мы вернулись. Что мы сейчас обсуждаем? Как делить шкуру неубитого медведя? Одно дело, если бы нас допустили, а потом бы Украина написала письмо, которое 10 стран поддержали бы, и возникла какая‑то полемика. Но там вообще допуском в баскетболе не пахнет. Поэтому откуда ты взялся в палате царской, коли не было тебя? Ситуация тяжёлая, в баскетбол мы на международной арене не играем, и какое‑то время ещё играть не будем. Это надо принять и предпринимать попытки, чтобы вернуться. Безотносительно Украины и тех стран, которые поддерживают или нет», — приводит слова Губерниева «Матч ТВ».",analytics
Гакпо и Бробби повторили достижение Роббена и ван Перси на чемпионате мира — 2026,https://www.championat.com/football/news-6514896-gakpo-i-brobbi-povtorili-dostizhenie-robbena-i-van-persi-na-chempionate-mira-2026.html,"['Футбол', 'Коди Гакпо', 'ЧМ-2026', 'Арьен Роббен', 'Сборная Нидерландов — Футбол', 'Сборная Швеции — Футбол', 'Робин ван Перси', 'ЧМ по футболу 2026', 'ФК Ливерпуль', 'Брайан Бробби', 'Сандерленд']",10:42 21.06.2026,Антон Павленко,"Нападающие сборной Нидерландов Коди Гакпо и Брайан Бробби оформили по дублю в матче 2-го тура группового этапа чемпионата мира 2026 года с командой Швеции. Встреча прошла 20 июня в Хьюстоне и завершилась со счётом 5:1 в пользу нидерландцев. Бробби отличился на пятой и 17-й минутах, Гакпо — на 47-й и 54-й. Таким образом, они стали первой парой футболистов из Нидерландов с двумя голами в одном матче чемпионата мира после Арьена Роббена и Робина ван Перси, добившихся такого же результата в игре с Испанией (5:1) на ЧМ-2014. Сборная Нидерландов выступает в группе F, где также играют Япония, Швеция и Тунис. После двух туров нидерландцы набрали четыре очка и вышли на первое место. Следующий матч команда проведёт 26 июня с Тунисом.",news
"Гарет Бэйл объяснил, почему считает, что Моуринью сможет добиться успеха в «Реале»",https://www.championat.com/football/news-6515106-garet-bejl-obyasnil-pochemu-schitaet-chto-mourinyu-smozhet-dobitsya-uspeha-v-reale.html,"['Жозе Моуринью', 'Футбол', 'Гарет Бэйл', 'Испания', 'ФК Реал Мадрид']",14:00 21.06.2026,Дмитрий Тучков,"Бывший нападающий мадридского «Реала» Гарет Бэйл оценил перспективы Жозе Моуринью на посту главного тренера «сливочных». Валлийский футболист играл под руководством португальского специалиста в «Тоттенхэме» в сезоне-2020/2021. «Он может подстёгивать футболистов только для того, чтобы они выкладывались на максимум. Жозе пытается понять каждого игрока и сделать всё возможное, чтобы заставить их работать. Иногда это может быть упоминание в СМИ, а иногда — просто дружеское похлопывание по плечу. Жозе работал в «Реале», он понимает динамику и знает, как всё устроено. Он разработает план, который поможет добиться результата», — приводит слова Бэйла The Athletic. Почему «Реал» Мадрид — лучший клуб XX века:",analytics
Погребняк отреагировал на результат матча Нидерланды — Швеция на ЧМ-2026,https://www.championat.com/football/news-6514676-pogrebnyak-otreagiroval-na-rezultat-matcha-niderlandy-shveciya-na-chm-2026.html,"['Сборные ЧМ-2026', 'Футбол', 'ЧМ-2026', 'Сборная Нидерландов — Футбол', 'Сборная Швеции — Футбол', 'Павел Погребняк', 'ЧМ по футболу 2026', 'Чемпионат мира - Футбол']",02:59 21.06.2026,Евгений Гаврильченко,"Бывший нападающий сборной России Павел Погребняк поделился эмоциями от результата матча 2-го тура группового этапа чемпионата мира 2026 года, в котором национальная команда Нидерландов разгромила сборную Швеции со счётом 5:1. «Россыпь забитых голов. Голландцы хороши и рвутся в плей-офф», — написал Погребняк в своём телеграм-канале. В 1-м туре группы F сборная Нидерландов сыграла вничью с Японией (2:2), а сборная Швеции разгромила Тунис (5:1). В заключительном туре нидерландцы встретятся с Тунисом (26 июня), а шведы — с Японией (также 26 июня). Групповой этап продлится с 11 по 27 июня. Команды играют в один круг — каждая проведёт по три матча. В плей-офф выйдут по две лучшие сборные из каждой группы, а также восемь команд, занявших третье место.",report
Махачев оценил шансы экс-чемпиона АСА Гасанова в UFC,https://www.championat.com/boxing/news-6515308-mahachev-ocenil-shansy-eks-chempiona-asa-gasanova-v-ufc.html,"['Магомедрасул Гасанов', 'ACA', 'Ислам Махачев', 'UFC', 'Бокс/ММА']",17:03 21.06.2026,Максим Яковлев,34-летний действующий обладатель титула UFC в полусреднем весе россиянин Ислам Махачев высказался насчёт перехода экс-чемпиона ACA в категории до 84 кг соотечественника Магомедрасула Гасанова в североамериканский промоушен. — Как оценишь шансы Гасанова в UFC? ,analytics
«Теперь знаем наш уровень». Швайнштайгер — о камбэке Германии в матче с Кот-д'Ивуаром,https://www.championat.com/football/news-6515024-teper-znaem-nash-uroven-shvajnshtajger-o-kambeke-germanii-v-matche-s-kot-d-ivuarom.html,"['Футбол', 'Сборная Германии — Футбол', 'ЧМ-2026', 'Бастиан Швайнштайгер', 'ЧМ по футболу 2026', ""Сборная Кот-д'Ивуара — Футбол""]",12:40 21.06.2026,Дмитрий Тучков,"Бывший полузащитник сборной Германии, чемпион мира — 2014 Бастиан Швайнштайгер поделился мнением о матче немецкой национальной команды с Кот-д'Ивуаром (2:1) во 2-м туре группового этапа чемпионата мира — 2026. К 68-й минуте Германия уступала в счёте. Вышедший на замену нападающий Дениз Ундав оформил дубль. «Кот-д'Ивуар был ожидаемо сильным соперником и продемонстрировал своё техническое мастерство и физическую силу. Замены оказались очень удачными для сборной Германии. После великолепного паса от Нмечи Ундав забил победный гол. Теперь мы знаем, на каком уровне находимся. Поздравляю!» — написал Швайнштайгер на странице в социальной сети X. Немецкая национальная команда досрочно вышла в плей-офф чемпионата мира после победы в матче с Кот-д'Ивуаром. Скрытые «бриллианты» ЧМ по футболу 2026:",report
Волкановски заявил о готовности провести титульный бой с Гейджи в лёгком весе,https://www.championat.com/boxing/news-6514938-volkanovski-zayavil-o-gotovnosti-provesti-titulnyj-boj-s-gejdzhi-v-lyogkom-vese.html,"['Александр Волкановски', 'Джастин Гейджи', 'Бокс/ММА', 'UFC']",11:16 21.06.2026,Павел Пикунов,"Чемпион UFC в полулёгком весе австралиец македонского происхождения Александр Волкановски выразил свою готовность сразиться за чемпионство в лёгком весе с Джастином Гейджи. «Он говорит: «Мне подняться? Мне идти?» Мой ответ прост: «Эй, давай сделаем это». Нет, слушай, чувак, люди спрашивают меня, знаешь, сделал бы я это? Конечно, я бы сделал это. Я скажу об этом, когда почувствую, что заслуживаю этого. И вы видели, когда я защищал свой пояс пять раз, прежде чем попросил о возможности стать двойным чемпионом, а затем был бой с Исламом. Это просто так работает. Я потерял пояс, защищался против Лопеса. Защитился против Лопеса — ставит ли это меня в положение, чтобы получить ещё один шанс? Так что я не буду просить об этом. Такой я чемпион. Я думаю, нужно заслужить это. Но если бы UFC предложила увидеть двух 38-летних парней, соревнующихся в лёгком весе — 100% я бы согласился. Но, опять же, я не знаю. Арман [Царукян] должен быть следующим, но когда ты не делаешь то, что хочет UFC, то тебя могут за это наказать», — сказал Волкановски на своём YouTube-канале.",news
«Вы лучшие болельщики в мире». Андрей Свечников выступил на чемпионском параде «Каролины»,https://www.championat.com/hockey/news-6514814-vy-luchshie-bolelschiki-v-mire-andrej-svechnikov-vystupil-na-chempionskom-parade-karoliny.html,"['Каролина Харрикейнз', 'НХЛ', 'Александр Никишин', 'Андрей Свечников', 'Вегас Голден Найтс', 'Хоккей']",08:29 21.06.2026,Настя Винник,"Форвард «Каролины Харрикейнз» Андрей Свечников выступил на чемпионском параде команды в Роли (Северная Каролина, США). Когда нападающий взял микрофон, чтобы произнести небольшую речь, его одноклубник Александр Никишин сорвал с него футболку. «Обалдеть, ребята! Субботний вечер в Роливуде. Вперёд! Я так благодарен своим партнёрам и тренерскому штабу. И хочу сказать ещё кое-что: огромное спасибо вам всем. Я вас люблю. Вы лучшие болельщики в мире. Мы чемпионы!» – приводит слова Свечникова официальный сайт НХЛ. В финальной серии Кубка Стэнли — 2026 «Харрикейнз» одержали победу над «Вегас Голден Найтс» со счётом 4-2.",report
Игрок сборной Парагвая забрал часы судьи в матче ЧМ-2026 с Турцией,https://www.championat.com/football/news-6515366-igrok-sbornoj-paragvaya-zabral-chasy-sudi-v-matche-chm-2026-s-turciej.html,"['Сборная Парагвая — Футбол', 'Футбол', 'Сборная Турции — Футбол', 'ЧМ-2026', 'Матиас Галарса', 'Фото', 'ЧМ по футболу 2026']",17:33 21.06.2026,Евгений Гуляев,"Полузащитник сборной Парагвая Матиас Галарса забрал часы, которые уронил судья во время матча ЧМ-2026 с Турцией. В качестве главного арбитра выступил Иван Бартон (Санта-Ана, Сальвадор). Победу одержала команда Парагвая (1:0), а Галарса стал автором победного гола на второй минуте. В концовке первого тайма на поле началась потасовка. Турецкий защитник Мерих Демирал толкался с соперником и случайно задел руку арбитра Ивана Бартона, с которой слетели его часы. Пока все толкались и спорили, Галарса увидел часы, подобрал их с газона и надел их себе на руку. Часы главному арбитру из Сальвадора вернули только во втором тайме. Фото: Кадр из трансляции Фото: Кадр из трансляции Фото: Кадр из трансляции Чемпионат мира по футболу — 2026 проходит в США, Канаде и Мексике с 11 июня по 19 июля. Действующим чемпионом мира является сборная Аргентины. В финале первенства планеты 2022 года аргентинская национальная команда встречалась с Францией. Основное время игры закончилось со счётом 3:3, однако в серии пенальти сильнее оказались аргентинцы (4:2).",report
Бельгия — Иран: кто фаворит матча ЧМ-2026 21 июня,https://www.championat.com/bets/news-6514852-belgiya-iran-kto-favorit-matcha-chm-2026-po-futbolu-21-iyunya.html,"['Сборная Бельгии — Футбол', 'Сборная Ирана — Футбол', 'Ставки', 'Прогнозы']",12:00 21.06.2026,Пётр Кондаков,"21 июня состоится матч 2-го тура группового этапа ЧМ-2026 Бельгия — Иран. Игра пройдёт в Инглвуде (США) на стадионе «Соу-Фай». Стартовый свисток запланирован на 22:00 мск. Букмекеры отдают преимущество команде из Европы. Сделать ставку на победу сборной Бельгии предлагается с коэффициентом 1.44. Победа сборной Ирана оценивается коэффициентом 7.90. Ничейный исход можно найти в линии за 4.74. При этом аналитики склоняются к высокой результативности. Тотал меньше 2.5 мяча доступен в букмекерских конторах с коэффициентом 1.98, а тотал больше 2.5 мяча — с коэффициентом 1.89. Если забьют обе команды, сыграет коэффициент 2.07.",news
Одного из планировавших нападение на турнир в Белом доме выдала его мать,https://ria.ru/20260616/turnir-2099333984.html,"['Единоборства', 'Дональд Трамп', 'UFC', 'США', 'Спорт']",23:44 16.06.2026,Нет автора,"Одного из заговорщиков, планировавших сорвать турнир Абсолютного бойцовского чемпионата (UFC) в Белом доме, выдала его собственная мать, обеспокоенная его поведением, следует из судебных документов, с которыми ознакомилось РИА Новости.  Федеральное бюро расследований (ФБР) США во вторник сообщило о раскрытии заговора. Злоумышленники планировали при помощи начиненных взрывчаткой дронов сорвать бой и спровоцировать эвакуацию, чтобы направить людей под огонь снайперов. ФБР установило 23 причастных к этому, пятеро задержаны. Среди задержанных был и 19-летний Тицен Пропер.  ""Десятого июня 2026 года или около того... офицеры из офиса шерифа округа Нокс и полиции Дэнвилла были направлены на вызов в связи с нарушением спокойствия. Звонившая, назвавшаяся матерью Пропера, беспокоилась за своего сына... из-за его недавнего поведения, включая покупку огнестрельного оружия и общение с определенными лицами онлайн"", - говорится в иске, опубликованном американским минюстом.  По прибытии на место полицейские пообщались с родителями задержанного, которые рассказали, что их сын планировал разведывательные миссии со своими онлайн-собеседниками, планировал встречи с ними накануне турнира в Белом доме и недавно приобрел оружие, боеприпасы, бронежилет и другое специфическое снаряжение.  ""По результатам встречи, полицейские перевезли Пропера в местную больницу, где они подали заявление на неотложный прием на основе наличия у него мыслей об убийстве"", - отмечается в документе.  Минюст также отмечает, что позднее мать подозреваемого заявила правоохранителям, что собеседники его сына якобы манипулировали им, используя религию, чтобы привлечь его в свою организацию, настроенную против властей.  Турнир UFC проводился на лужайке перед Белым домом в честь 250-летия страны 14 июня, в день рождения президента США Дональда Трампа, которому исполнилось 80 лет. Мероприятие посетили тысячи человек.",news
"Ротенберг: сборная России сделает все возможное, чтобы выиграть Олимпиаду",https://ria.ru/20260621/sbornaja-2100161490.html,"['Владимир Путин', 'Международная федерация хоккея (IIHF)', 'Федерация хоккея России (ФХР)', 'Роман Ротенберг', 'Спорт', 'Люк Тардиф', 'Хоккей', 'Павел Дацюк']",15:17 21.06.2026,Нет автора,"Первый вице-президент Федерации хоккея России (ФХР) Роман Ротенберг заявил РИА Новости, что в будущем сборная России по хоккею сделает все возможное, чтобы выиграть Олимпийские игры и заслужить внимание президента РФ Владимира Путина.  Совет Международной федерации хоккея (IIHF) в конце февраля 2022 года отстранил сборные России и Белоруссии от международных соревнований на неопределенный срок из-за ситуации на Украине. В мае президент IIHF Люк Тардиф заявил, что организация в сентябре рассмотрит вопрос возвращения сборной России на международную арену.  ""В 2018 году году Павел Дацюк в своей речи Владимиру Владимировичу сказал: ""Вы - наш капитан, мы сделаем все возможное, чтобы выиграть Олимпиаду"". Мы это сделали, и мы этим гордимся. Чтобы встретиться с президентом - это нужно заслужить. Будем делать все возможное, чтобы выиграть Олимпиаду, и тогда мы сможем рассчитывать на то, что будет такое общение и внимание"", - сказал Ротенберг.  Зимние Олимпийские игры 2030 года пройдут во Французских Альпах.",news
Макгрегор: контракт с UFC не соответствует моей ценности,https://www.championat.com/boxing/news-6514592-makgregor-kontrakt-s-ufc-ne-sootvetstvuet-moej-cennosti.html,"['Конор Макгрегор', 'Бокс/ММА', 'UFC']",00:08 21.06.2026,Максим Яковлев,"Бывший чемпион UFC в полулёгком и лёгком весе ирландец Конор Макгрегор рассказал, что остался недоволен новым контрактом с промоушеном. «В какой-то степени я рад. Впереди ещё много всего. Надеюсь, что это будет контракт с UFC, у нас что-то получится и меня ещё больше будут уважать. Я докажу, что на многое способен. Мы нашли компромисс и заключили выгодную сделку. Соответствует ли она моей реальной ценности? Вероятно, нет. Соответствует ли она тому, что они изначально хотели мне предложить? Определённо нет. Мы нашли компромисс. Я честный человек. Мне нравится UFC, и я бы хотел продолжить. Посмотрим, как пойдут дела», — приводит слова Макгрегора портал Sherdog.",news
Эквадор — Кюрасао: онлайн-трансляция матча ЧМ по футболу — 2026 начнётся в 3:00 мск,https://www.championat.com/football/news-6514182-ekvador-kyurasao-onlajn-translyaciya-matcha-chempionata-mira-po-futbolu-2026-nachnyotsya-v-3-00-msk-21-iyunya-2026.html,"['Сборная Кюрасао — Футбол', 'Футбол', 'Сборная Эквадора — Футбол', 'ЧМ-2026', 'ЧМ по футболу 2026']",00:00 21.06.2026,Максим Иванов,"В воскресенье, 21 июня, состоится матч 2-го тура группы E чемпионата мира по футболу 2026 года между сборными Эквадора и Кюрасао. Игра пройдёт на стадионе «Эрроухед» (Канзас-Сити, Миссури, США). В качестве главного арбитра выступит Нин Ма (Фусинь, Китай). Стартовый свисток судьи прозвучит в 3:00 мск. «Чемпионат» проведёт текстовую онлайн-трансляцию матча. В 1-м туре группы E эквадорская команда уступила Кот-д’Ивуару (0:1), а сборная Кюрасао разгромно проиграла Германии (1:7). Групповой этап продлится с 11 по 27 июня. Команды играют друг с другом по кругу (по три матча каждая). В плей-офф выйдут по две лучшие сборные из каждой группы, а также восемь лучших команд, занявших третье место.",report
"Гонка бомбардиров на ЧМ по футболу — 2026 на 21 июня 2026 года: кто лидер, сколько мячей",https://www.championat.com/football/news-6514838-gonka-bombardirov-na-chm-po-futbolu-2026-na-21-iyunya-2026-kto-lider-skolko-myachej.html,"['Сборная Аргентины — Футбол', 'Футбол', 'Сборная Германии — Футбол', 'Сборная Канады — Футбол', 'Лионель Месси', 'ЧМ по футболу 2026', 'Дениз Ундав', 'Джонатан Дэвид']",09:03 21.06.2026,Дмитрий Тучков,"Завершился очередной игровой день на чемпионате мира по футболу — 2026, в рамках которого состоялось четыре матча. Нидерланды разгромили Швецию (5:1), Германия обыграла Кот-д'Ивуар (2:1), Эквадор разделил очки с Кюрасао (0:0), Япония разгромила Тунис (4:0). На данный момент в гонке бомбардиров лидируют нападающий сборной Аргентины Лионель Месси, форвард национальной команды Канады Джонатан Дэвид и нападающий сборной Германии Дениз Ундав, которые забили по три гола. Групповой этап продлится с 11 по 27 июня. Команды играют друг с другом по кругу (по три матча каждая). В плей-офф выйдут по две лучшие сборные из каждой группы, а также восемь лучших команд, занявших третье место. Всего будет сыграно 104 матча — это рекорд для чемпионатов мира. Лучший бомбардир в мировом футболе:",report
«Стараюсь как можно большему у него научиться». Серундоло — о работе с Массу,https://www.championat.com/tennis/news-6515070-starayus-kak-mozhno-bolshemu-u-nego-nauchitsya-serundolo-o-rabote-s-massu.html,"['Франсиско Серундоло', 'Теннис', 'ATP']",13:28 21.06.2026,Мария Шаврикова,"27-я ракетка мира аргентинский теннисист Франсиско Серундоло высказался о сотрудничестве с экс девятой ракеткой мира Николасом Массу, который тренирует аргентинца вместе с уругвайцем Пабло Куэвасом. — Насколько важно для вас иметь в команде Николаса Массу и Пабло Куэваса, опытных бывших игроков, которые помогут вам улучшить свою игру?  Как я уже говорил, мы не ожидали попасть в финал, но здорово, что есть они оба — Пабло и Нико, опытные ребята. Как игроки они добились успеха и отлично знают тур. Нико опытный тренер. Я стараюсь как можно большему у него научиться, перенимая опыт. Очень доволен своей командой, — сказал Серундоло на пресс-конференции.",analytics
Тунис — Япония: онлайн-трансляция матча ЧМ по футболу — 2026 началась,https://www.championat.com/football/news-6514780-tunis-yaponiya-onlajn-translyaciya-matcha-chempionata-mira-po-futbolu-2026-nachnyotsya-v-7-00-msk-21-iyunya-2026.html,"['Футбол', 'ЧМ-2026', 'Сборная Туниса — Футбол', 'ЧМ по футболу 2026', 'Сборная Японии — Футбол']",07:04 21.06.2026,Сергей Базекин,"Прозвучал стартовый свисток в матче 2-го тура группы F чемпионата мира по футболу 2026 года между сборными Туниса и Японии. Игра проходит на стадионе ББВА (Гуадалупе, Мексика). В качестве главного арбитра выступает Иштван Ковач (Карей, Румыния). Чемпионат ведёт текстовую онлайн-трансляцию матча. В 1-м туре группы F тунисская национальная команда разгромно уступила Швеции — 1:3. Япония сыграла вничью со сборной Нидерландов — 2:2. Групповой этап продлится с 11 по 27 июня. Команды играют друг с другом по кругу (по три матча каждая). В плей-офф выйдут по две лучшие сборные из каждой группы, а также восемь лучших команд, занявших третье место.",report
Появилось видео с неудачными дублями со съёмок финала «Пацанов»,https://www.championat.com/cybersport/news-6515158-vyshlo-video-s-neudachnymi-dublyami-so-syomok-finala-pacanov.html,"['Сериалы', '«Пацаны»', 'Чемп.Play', 'Кино и сериалы']",15:26 21.06.2026,Макар Паламаренко,"Компания Amazon представила видео с неудачными дублями со съёмок пятого сезона сериала «Пацаны». В ролике показаны забавные моменты, которые происходили во время производства финальных эпизодов шоу. Видео доступно на YouTube-канале Prime Video. Права на видео принадлежат Amazon. Сериал «Пацаны» завершился 20 мая, когда вышел восьмой эпизод пятого сезона. Главные роли вновь исполнили Джек Куэйд («Компаньон»), Карл Урбан («Стартрек: Возмездие»), Энтони Старр («Банши») и другие актёры. Критики высоко оценили финальный сезон, но зрители приняли его смешанно: на агрегаторе Rotten Tomatoes заключительные серии получили 93% свежести от обозревателей и только 49% — от зрителей. По вселенной «Пацанов» выпустят другой сериал под названием «Восхождение Vought» — приквел про Солдатика с Дженсеном Эклсом в главной роли. Проект выйдет в 2027 году.",news
Определились все участники Ла Лиги сезона-2026/2027,https://www.championat.com/football/news-6514662-opredelilis-vse-uchastniki-la-ligi-sezona-2026-2027.html,"['ФК Реал Сосьедад', 'ФК Альмерия', 'ФК Севилья', 'ФК Хетафе', 'ФК Валенсия', 'ФК Малага', 'ФК Барселона', 'ФК Алавес', 'ФК Сельта', 'ФК Бетис', 'ФК Атлетико Мадрид', 'ФК Атлетик Бильбао', 'ФК Эспаньол', 'Расинг Сантандер', 'Сегунда', 'ФК Реал Мадрид', 'Леванте', 'Депортиво', 'ФК Вильярреал', 'Примера', 'ФК Осасуна', 'ФК Эльче', 'Футбол', 'Испания', 'ФК Райо Вальекано']",02:22 21.06.2026,Евгений Гаврильченко,"Завершились стыковые матчи Ла Лиги 2 (Сегунды) за выход в высший испанский дивизион (Примеру) сезона-2026/2027. «Малага» победила «Альмерию» в ответном финальном матче плей-офф со счётом 2:1 и по сумме двух встреч (0:0, 2:1) гарантировала себе участие в грядущей кампании Ла Лиги. Ранее право выступать в высшем дивизионе чемпионата Испании заработали «Расинг» из Сантандера и «Депортиво» из Ла-Коруньи. «Овьедо», «Жирона» и «Мальорка» вылетели из высшего дивизиона испанского футбола по итогам сезона-2025/2026. Таким образом, стали известны все 20 участников нового сезона чемпионата Испании. Вашему вниманию полный список команд: «Барселона», «Реал» Мадрид, «Вильярреал», «Атлетико» Мадрид, «Бетис», «Сельта», «Хетафе», «Реал Сосьедад», «Райо Вальекано», «Атлетик» Бильбао, «Алавес», «Осасуна», «Валенсия», «Севилья», «Эльче», «Эспаньол», «Леванте», «Расинг», «Депортиво» и «Малага». Новый сезон Ла Лиги стартует в середине августа 2026 года. Действующим чемпионом является «Барселона».",news
"«Турнир, где я могу выступить хорошо». Маттео Берреттини — о Уимблдоне-2026",https://www.championat.com/tennis/news-6515382-turnir-gde-ya-mogu-vystupit-horosho-matteo-berrettini-o-uimbldone-2026.html,"['Маттео Берреттини', 'Уимблдон', 'Теннис', 'Уимблдон 2026']",17:45 21.06.2026,Мария Шаврикова,"49-я ракетка мира итальянский теннисист Маттео Берриттини рассказал, с каким настроем он приезжает на Уимблдон в этом году. «Приезжаю с духом человека, который очень горд пройденным путём, но у которого всё ещё есть голод за определёнными результатами, что было видно в Париже. В то же время я должен сделать правильные шаги, чтобы прийти в форму, но знаю, как только исправлю две‑три вещи, это турнир, где я могу выступить хорошо и получить удовольствие», — приводит слова Берреттини GQ Italia. В 2025 году на этом турнире Берреттини в первом круге проиграл представителю Польши Камиль Майхшаку со счётом 6:4, 2:6, 4:6, 7:5, 3:6.",news
Матч Япония — Тунис стал 1000‑м в истории чемпионатов мира по футболу,https://www.championat.com/football/news-6514790-match-yaponiya-tunis-stal-1000-m-v-istorii-chempionatov-mira-po-futbolu.html,"['Футбол', 'ЧМ-2026', 'Сборная Туниса — Футбол', 'ЧМ по футболу 2026', 'Сборная Японии — Футбол']",07:50 21.06.2026,Андрей Герасимов,"Матч 2-го тура группы F чемпионата мира по футболу 2026 года между сборными Туниса и Японии стал 1000‑м в истории чемпионатов мира по футболу. На момент написания новости в матче перерыв после первого тайма. Сборная Японии ведёт в счёте — 2:0. Голами отметились Даити Камада и Аясэ Уэда. Чемпионат ведёт текстовую онлайн-трансляцию матча. В 1-м туре группы F сборная Туниса разгромно уступила Швеции — 1:3. Япония сыграла вничью с Нидерландами — 2:2. Групповой этап продлится с 11 по 27 июня. Команды играют друг с другом по кругу (по три матча каждая). В плей-офф выйдут по две лучшие сборные из каждой группы, а также восемь лучших команд, занявших третье место.",report
Организаторы турнира в Берлине сделали заявление о задержке финала Пегула — Носкова,https://www.championat.com/tennis/news-6515208-turnir-v-berline-sdelal-zayavlenie-v-svyazi-s-seryoznoj-zaderzhkoj-finala-pegula-noskova.html,"['Джессика Пегула', 'WTA', 'Теннис', 'Линда Носкова']",16:06 21.06.2026,Элина Чудинова,"Организаторы травяного турнира категории WTA-500 в Берлине, Германия, сделали официальное объявление в связи со значительной задержкой старта финального матча между американкой Джессикой Пегулой (четвёртая ракетка мира) и чешкой Линдой Носковой (13-я строчка рейтинга). «Уважаемые любители тенниса! Прежде всего мы хотели бы поблагодарить вас за сотрудничество во время эвакуации с территории турнира. Безопасность всех посетителей всегда была и остаётся нашим главным приоритетом. Мы были готовы к прогнозируемым погодным условиям и уже приняли превентивные меры. Однако интенсивность и скорость шторма потребовали дополнительных действий в кратчайшие сроки. Если отдельные сотрудники службы безопасности вели себя неподобающим образом во время эвакуации, приносим свои искренние извинения. Нашей главной задачей было освободить территорию как можно быстрее и безопаснее. В данный момент наши команды работают в полную силу, чтобы восстановить объект. Помимо повреждений части инфраструктуры, пострадали и технические системы. Прежде чем территория будет вновь открыта, все требования безопасности для посетителей должны быть полностью соблюдены. Мы также внимательно следим за прогнозом погоды, поскольку дальнейшее развитие событий необходимо учитывать при оценке возможности безопасного возобновления игры. На данный момент возобновление игры не ожидается ранее 16:00. Благодарим вас за понимание и терпение», – написали организаторы на официальной странице турнира.",news
«Кошмар какой-то!» Турецкие СМИ раскритиковали сборную за вылет с ЧМ-2026,https://www.championat.com/football/news-6514876-koshmar-kakoj-to-tureckie-smi-raskritikovali-sbornuyu-za-vylet-s-chm-2026.html,"['Сборная Турции — Футбол', 'ЧМ-2026', 'ЧМ по футболу 2026', 'Футбол']",09:44 21.06.2026,Анжела Лосанова,"Сборная Турции потерпела поражение во 2-м туре от Парагвая (0:1) на чемпионате мира 2026 года по футболу, досрочно завершив борьбу за выход в плей-офф. Это вызвало бурную реакцию у местных СМИ. «Чемпионат» предлагает ознакомиться с мнениями журналистов. Hürriyet: «Ни гола, ни очка. Горькое прощание и огромное разочарование!» Yeni Safak: «Наша сборная, приехавшая на чемпионат мира 2026 года с большими надеждами, пережила настоящий кошмар в Америке. Молодые звёзды, не забившие ни одного гола в двух играх, повергли миллионы болельщиков в глубокую скорбь». Fanatik: «Как Гаити! Мы уходим, не забив ни одного гола — как Гаити! Мы разделяем судьбу самой слабой команды в турнире». Söszu: «После поражения от Австралии, теперь ещё и от Парагвая. Мы испытываем разочарование. Это не сработало. Мы выбыли ещё до первого группового матча». Habertürk: «Приключение сборной Турции на чемпионате мира, в котором она приняла участие впервые за 24 года, было недолгим. Полные надежд и ожиданий, мы стартовали. И теперь мы выбыли из игры перед финалом». Türkiye: «Кошмар какой-то!» Takvim: «2 игры, 80% владения мячом, 62 удара, 0 голов, 0 очков — прощай!» Чемпионат мира по футболу 2026 года проходит с 11 июня по 19 июля в США, Канаде и Мексике.",news
«Это был действительно отличный матч». Дик Адвокат — о матче с Эквадором на ЧМ-2026,https://www.championat.com/football/news-6514772-eto-byl-dejstvitelno-otlichnyj-match-dik-advokat-o-matche-s-ekvadorom-na-chm-2026.html,"['Сборная Кюрасао — Футбол', 'Футбол', 'Сборная Эквадора — Футбол', 'ЧМ-2026', 'ЧМ по футболу 2026', 'Дик Адвокат']",06:49 21.06.2026,Андрей Герасимов,"Главный тренер сборной Кюрасао Дик Адвокат прокомментировал матч 2-го тура группы E чемпионата мира по футболу 2026 года с Эквадором (0:0). «Я думаю, это был действительно отличный матч с точки зрения нашей игры. В конце была видна усталость в ногах игроков. К счастью, нам удалось сохранить результат. И это было заслужено, потому что у нас также был шанс забить голы. Так что это была хорошая игра», — приводит слова Адвоката Globo. «Островитяне» набрали первое очко в матчах чемпионатов мира. В заключительной игре группового этапа сборная Кюрасао встретится с Кот-д'Ивуаром (25 июня). Чемпионат мира 2026 года проходит в США, Канаде и Мексике с 11 июня по 19 июля. Действующим чемпионом мира является сборная Аргентины.",report
"Пегула — о Линде Носковой: меня не удивляет, что она так успешно выступает на траве",https://www.championat.com/tennis/news-6514620-pegula-o-linde-noskovoj-menya-ne-udivlyaet-chto-ona-tak-uspeshno-vystupaet-na-trave.html,"['Джессика Пегула', 'WTA', 'Теннис', 'Линда Носкова']",00:35 21.06.2026,Екатерина Мищерикова,"Четвёртая ракетка мира американская теннисистка Джессика Пегула поделилась мнением об игре чешки Линды Носковой, с которой ей предстоит встретиться в финале турнира WTA-500 в Берлине (Германия). «У неё очень мощная подача. Она невероятно физически сильна и обладает очень мощными ударами. Думаю, она очень хорошая, талантливая теннисистка. Меня не удивляет, что она так успешно выступает на траве. Её силовой теннис и подача — одни из её главных достоинств. Кроме того, она может быть довольно непредсказуемой. Когда у неё всё получается, играть против неё становится очень тяжело. У нас было много действительно сложных матчей», – сказала Пегула на пресс-подходе после победы в 1/2 финала турнира в Берлине.",news
"Стаал — о чемпионском параде «Каролины»: не могу описать, насколько это было потрясающе",https://www.championat.com/hockey/news-6514894-staal-o-chempionskom-parade-karoliny-ne-mogu-opisat-naskolko-eto-bylo-potryasayusche.html,"['Каролина Харрикейнз', 'НХЛ', 'Вегас Голден Найтс', 'Джордан Стаал', 'Хоккей']",10:12 21.06.2026,Настя Винник,"Нападающий и капитан «Каролины Харрикейнз» Джордан Стаал поделился эмоциями от чемпионского парада в Роли (Северная Каролина, США) по случаю победы в Кубке Стэнли — 2026. «Я пытался объяснить ребятам, что, как я знал, должно было произойти. И мои ожидания были такими высокими, потому что я знаю этих фанатов, знаю, что они собой представляют, и я всё равно был потрясён. Даже не могу описать, насколько это было потрясающе», — приводит слова Стаала ESPN. 37-летний форвард был признан самым ценным игроком финальной серии «Каролины» с «Вегас Голден Найтс» (4-2). В минувшем плей-офф на его счету 12 (8+4) очков в 19 матчах при показателе полезности «+6».",report
40-летний Нойер установил рекорд по количеству матчей для вратарей на ЧМ,https://www.championat.com/football/news-6514724-40-letnij-nojer-ustanovil-rekord-po-kolichestvu-matchej-dlya-vratarej-na-chm.html,"['Сборная Франции — Футбол', 'Футбол', 'Уго Льорис', 'Сборная Германии — Футбол', 'ЧМ-2026', 'Статистика', 'ЧМ по футболу 2026', ""Сборная Кот-д'Ивуара — Футбол"", 'Мануэль Нойер', 'Чемпионат мира - Футбол']",04:53 21.06.2026,Евгений Гаврильченко,"Голкипер сборной Германии Мануэль Нойер установил рекорд по количеству матчей для вратарей на чемпионатах мира в игре 2-го тура группы Е чемпионата мира по футболу 2026 года с Кот-д'Ивуаром. Игра завершилась победой немецкой команды со счётом 2:1. 40-летний голкипер принял участие в матче с Кот-д'Ивуаром, сыграл все 90 минут. Таким образом, вратарь провёл свой 21-й матч на чемпионате мира по футболу и опередил по этому показателю бывшего голкипера французской сборной Уго Льориса (20 матчей). На старте ЧМ-2026 Германия разгромила Кюрасао (7:1), а Кот-д'Ивуар обыграл Эквадор (1:0). В 3-м туре немецкая национальная команда встретится с Эквадором (25 июня), а сборная Кот-д'Ивуара — с Кюрасао (также 25 июня).",report
Врач раскрыла неочевидные симптомы теплового удара в машине,https://www.championat.com/lifestyle/news-6481430-vrach-raskryla-neochevidnye-simptomy-teplovogo-udara-v-mashine.html,"['NEWS.ru – информационный портал', 'Lifestyle', 'Здоровье']",11:30 21.06.2026,Регина Даутова,"В жаркий летний день салон автомобиля превращается в настоящую теплицу. Даже при температуре на улице около 20℃ внутри закрытой машины воздух может прогреться до 40-50℃ всего за полчаса. В таких условиях организм быстро теряет способность охлаждаться, что приводит к тепловому удару, предупреждает врач общей практики Елена Павлова в беседе с NEWS.ru. По словам эксперта, сигналами перегрева зачастую становятся: При этом есть и неочевидные признаки, на которые редко обращают внимание. «Кожа становится холодной и влажной на ощупь, покрывается гусиной кожей», — предупредила Павлова. Тепловой удар представляет серьёзную угрозу для жизни. В некоторых случаях температура тела может достигать 40 градусов и выше. В таких ситуациях, добавила специалист, сознание становится спутанным, возникают судороги, и человек может упасть в обморок. Мы хотим быть источником мотивации для вас. Начинайте меняться к лучшему вместе с нами! В нашем телеграм-канале @championat_lifestyle рассказываем, как правильно питаться, тренироваться и расслабляться.",news
"Вирджил ван Дейк: мир немного недооценил Японию, это отличная команда",https://www.championat.com/football/news-6515346-virdzhil-van-dejk-mir-nemnogo-nedoocenil-yaponiyu-eto-otlichnaya-komanda.html,"['Футбол', 'ЧМ-2026', 'Сборная Нидерландов — Футбол', 'ЧМ по футболу 2026', 'Вирджил ван Дейк', 'Сборная Японии — Футбол']",17:36 21.06.2026,Николай Гордеев,"Защитник сборной Нидерландов Вирджил ван Дейк высказался о выступлении национальной команды Японии на чемпионате мира по футболу 2026 года. В матче 1-го тура группы F азиатская команда сыграла вничью с «оранжевыми» (2:2). «Думаю, мир немного недооценил Японию, это отличная команда. Этот матч изначально обещал быть сложным. Реакция после игры была немного… я бы не сказал, что неуважительной, но… Япония долгое время оставалась непобежденной, они какое-то время не пропускали голов, обыграли Бразилию, Англию и Шотландию. Это всегда непросто. Ничья, пропущенный гол в конце, конечно, оставляют горький осадок. Но в этом матче было много позитивных моментов, именно на этом строим свою игру на этой неделе. Думаю, сегодняшний матч [с Швецией] показал, что мы сделали хорошо, особенно в первой половине обоих таймов. В конце концов, всё дело в победе, мы выиграли 5:1. Восстановимся и перейдём к следующему матчу», — приводит слова ван Дейка официальный сайт ФИФА. Во 2-м туре азиатская команда разгромила Тунис со счётом 4:0. На данный момент Нидерланды и Япония набрали по четыре очка и занимают первое и второе места в таблице группы F соответственно. Швеция с тремя очками располагается на третьей строчке. Тунис не набрал очков и располагается на четвёртой строчке. Групповой этап продлится с 11 по 27 июня. Команды играют в один круг — каждая проведёт по три матча. В плей-офф выйдут по две лучшие сборные из каждой группы, а также восемь команд, занявших третьи места.",analytics
Букмекеры оценили шансы сборной Кабо-Верде в матче ЧМ-2026 с Уругваем,https://www.championat.com/bets/news-6514758-bukmekery-ocenili-shansy-sbornoj-kabo-verde-v-matche-chm-2026-s-urugvaem.html,"['Сборная Уругвая — Футбол', 'Сборная Кабо-Верде — Футбол', 'Бесплатные прогнозы', 'Прогнозы', 'Ставки']",07:08 21.06.2026,Алексей Серяков,"22 июня состоится матч 2-го тура группового этапа ЧМ-2026 Уругвай — Кабо-Верде. Игра пройдёт в Майами (США) на стадионе «Хард Рок». Стартовый свисток запланирован на 1:00 мск. Букмекеры отдают преимущество команде из Южной Америки. Сделать ставку на победу сборной Уругвая предлагается с коэффициентом 1.47. Победа сборной Кабо-Верде оценивается коэффициентом 7.40. Ничейный исход можно найти в линии за 4.74. При этом аналитики склоняются к высокой результативности. Тотал меньше 2.5 мяча доступен в букмекерских конторах с коэффициентом 1.98, а тотал больше 2.5 мяча — с коэффициентом 1.89. Если забьют обе команды, сыграет коэффициент 2.03.",analytics
«Лукаку не должен играть больше 60 минут». Тренер сборной Бельгии — перед матчем с Ираном,https://www.championat.com/football/news-6514670-lukaku-ne-dolzhen-igrat-bolshe-60-minut-trener-sbornoj-belgii-pered-matchem-s-iranom.html,"['Ромелу Лукаку', 'Футбол', 'Сборная Бельгии — Футбол', 'ЧМ-2026', 'Руди Гарсия', 'Сборная Ирана — Футбол', 'ЧМ по футболу 2026']",02:40 21.06.2026,Максим Лесовой,"Главный тренер сборной Бельгии Руди Гарсия высказался о состоянии форварда Ромелу Лукаку перед матчем 2-го тура ЧМ-2026 со сборной Ирана. «Я не знаю, сможет ли он отыграть все 90 минут, ему нужно будет перестроиться. В матче с Египтом он был в отличной форме 30 минут, с огромным запасом адреналина. Он великолепен в штрафной. Нам нужно быть осторожными, потому что у нас может возникнуть соблазн использовать его чаще, чем следует, но цель состоит в том, чтобы он играл до конца турнира и не переутомился после одной игры. Он отличный игрок, оказывающий огромное влияние на игру. На мой взгляд, он не должен играть больше 60 минут. Он находится в хорошей форме. Наш уровень уверенности повысился, когда он вышел на поле. Он один из лучших нападающих на чемпионате мира, здорово, что он у нас есть. Он пропускал тренировки и рисковал не попасть в окончательный список, но он там есть, и нам очень приятно, что он с нами», — приводит слова Гарсии Globo. Матч между сборной Бельгии и Ираном состоится 21 июня.",news
Защитник сборной Швейцарии Аканджи назвал главное качество своей команды,https://www.championat.com/football/news-6514630-zaschitnik-sbornoj-shvejcarii-akandzhi-nazval-glavnoe-kachestvo-svoej-komandy.html,"['Йохан Манзамби', 'Футбол', 'ЧМ-2026', 'ЧМ по футболу 2026', 'Сборная Швейцарии — Футбол', 'Мануэль Аканджи']",00:59 21.06.2026,Максим Иванов,"Защитник сборной Швейцарии Мануэль Аканджи ответил, в чём заключается сила его команды. На групповом этапе чемпионата мира — 2026 «красные крестоносцы» сыграли вничью с Катаром (1:1) и победили Боснию и Герцеговину (4:1). В 3-м туре Швейцария сыграет с Канадой 24 июня. «В чём наша настоящая сила? В коллективе. Мы знаем, что у нас не так много футболистов мирового класса, как в лучших сборных мира, но, когда мы боремся вместе как команда, мы способны победить кого угодно, без исключений. Я не знаю, недооценивает ли нас кто-нибудь, но если мы продолжим в том же духе, то эта команда сможет добиться очень, очень многого. Всё зависит только от нас. Йохан Манзамби — новая звезда команды? Когда игрок выходит на поле и меняет ход матча, что я могу сказать? Пусть развивается, тренер даёт ему всё больше игрового времени. Но для нас важно, чтобы все в команде приносили пользу, ведь замены могут иметь решающее значение», — цитирует Аканджи La Gazzetta dello Sport.",analytics
Статистика исторического матча Эквадор — Кюрасао с тотальным преимуществом эквадорцев,https://www.championat.com/football/news-6514778-statistika-istoricheskogo-matcha-ekvador-kyurasao-s-totalnym-preimuschestvom-ekvadorcev.html,"['Сборная Кюрасао — Футбол', 'Футбол', 'Сборная Эквадора — Футбол', 'ЧМ-2026', 'Статистика', 'ЧМ по футболу 2026']",07:10 21.06.2026,Сергей Челищев,"Сборная Кюрасао впервые в своей истории набрала очко на чемпионатах мира — команда Дика Адвоката сыграла вничью с Эквадором (0:0) во 2-м туре группового этапа ЧМ-2026. Матч прошёл в Канзас-Сити (США) и стал историческим для карибской сборной: несмотря на постоянное давление соперника, Кюрасао сумела удержать нулевую ничью и добыть первое очко на турнире. Статистика матча Эквадор — Кюрасао: Главным героем и лучшим игроком встречи стал вратарь Кюрасао Элой Ром, совершивший 15 сейвов и фактически спасший команду от поражения. В заключительном туре Кюрасао сыграет против Кот-д’Ивуара, а Эквадор встретится с Германией. Оба матча пройдут 25 июня. Репортаж «Чемпа» с трибуны сборной Кюрасао на ЧМ-2026",analytics
Goal представил топ-10 лучших футболистов в истории чемпионатов мира,https://www.championat.com/football/news-6515396-stal-izvesten-top-10-luchshih-futbolistov-v-istorii-chempionatov-mira-po-versii-goal.html,"['Сборная Аргентины — Футбол', 'Сборная Франции — Футбол', 'Футбол', 'Диего Марадона', 'Сборная Германии — Футбол', 'ЧМ-2026', 'Франц Беккенбауэр', 'Лионель Месси', 'Герд Мюллер', 'Мирослав Клозе', 'ЧМ по футболу 2026', 'Пеле', 'Килиан Мбаппе', 'Зинедин Зидан', 'Роналдо', 'Сборная Бразилии — Футбол']",17:50 21.06.2026,Евгений Гуляев,"Портал Goal составил рейтинг лучших футболистов в истории чемпионатов мира по футболу. Первое место в рейтинге занял Пеле. Бразильский нападающий является единственным футболистом, который трижды выигрывал чемпионат мира. Вторым стал форвард сборной Аргентины Лионель Месси, а тройку лидеров замкнул ещё один аргентинец Диего Марадона. Топ-10 лучших футболистов в истории чемпионатов мира по версии Goal: Пеле (Бразилия);   Чемпионат мира по футболу — 2026 проходит в США, Канаде и Мексике с 11 июня по 19 июля. Действующим чемпионом мира является сборная Аргентины. В финале первенства планеты 2022 года аргентинская национальная команда встречалась с Францией. Основное время игры закончилось со счётом 3:3, однако в серии пенальти сильнее оказались аргентинцы (4:2).",analytics
"Хоккеисты ""Каролины"" вывесили на чемпионском параде российский флаг",https://ria.ru/20260620/hokkeisty-2100082273.html,"['Кубок Стэнли', 'Андрей Свечников', 'Александр Никишин', 'Спорт', 'Вегас Голден Найтс', 'Хоккей', 'Каролина Харрикейнз', 'Петр Кочетков']",19:12 20.06.2026,Нет автора,"Российские хоккеисты ""Каролины Харрикейнз"" вывесили флаг страны на автобусе во время чемпионского парада команды после победы в Кубке Стэнли.  В ночь на 15 июня ""Каролина"" победила ""Вегас Голден Найтс"" в шестом матче финала Кубка Стэнли (3:0) и выиграла серию со счетом 4-2. В составе победителей выступают трое российских хоккеистов: голкипер Петр Кочетков, защитник Александр Никишин и нападающий Андрей Свечников. Для них Кубок Стэнли стал первым в карьере.  В трансляции парада видно, что один из игроков обернулся флагом России, другой флаг висит на поручне автобуса.",report
Тренер сборной Туниса высказался о разгромном поражении в матче с Японией на ЧМ-2026,https://www.championat.com/football/news-6514898-trener-sbornoj-tunisa-vyskazalsya-o-razgromnom-porazhenii-v-matche-s-yaponiej-na-chm-2026.html,"['Футбол', 'Эрве Ренар', 'ЧМ-2026', 'Сборная Туниса — Футбол', 'ЧМ по футболу 2026', 'Сборная Японии — Футбол']",10:19 21.06.2026,Дмитрий Тучков,"Главный тренер сборной Туниса Эрве Ренар отреагировал на разгромное поражение команды в матче с Японией (0:4) во 2-м туре группового этапа чемпионата мира 2026 года. Тунисская национальная команда лишилась шансов на выход в плей-офф. «В первом тайме мы не могли взять мяч под свой контроль. Первые 20 минут второго тайма мы играли хорошо, а потом стали слишком слабыми… Был пропущен гол, и, конечно, моральный дух упал, но футболисты старались и не сдавались. Мы проиграли команде, которая была намного сильнее нас. В такие сложные моменты нужно держаться, но особенно это непростая ситуация для футболистов. Мы знаем, что вылетели, но в третьем матче будем бороться за победу», — приводит слова Ренара beIN Sports. Главные ожидания от ЧМ по футболу:",report
Япония разгромила Тунис в матче 2-го тура группового этапа ЧМ-2026,https://www.championat.com/football/news-6514832-tunis-yaponiya-rezultat-matcha-21-iyunya-2026-schet-0-4-2-j-tur-gruppy-f-chempionata-mira-2026.html,"['Сборные ЧМ-2026', 'Футбол', 'ЧМ-2026', 'Сборная Туниса — Футбол', 'ЧМ по футболу 2026', 'Чемпионат мира - Футбол', 'Сборная Японии — Футбол']",08:57 21.06.2026,Сергей Базекин,"Завершился матч 2-го тура группы F чемпионата мира по футболу 2026 года между сборными Туниса и Японии. Игра проходила на стадионе ББВА (Гуадалупе, Мексика). В качестве главного арбитра выступил Иштван Ковач (Карей, Румыния). Сборная Японии выиграла у Туниса со счётом 4:0. Полузащитник Даити Камада вывел сборную Японии вперёд на шестой минуте. Форвард Аясэ Уэда удвоил преимущество японской команды на 31-й минуте. На 69-й минуте форвард Дзюня Ито забил третий мяч в ворота африканской команды. Аясэ Уэда оформил дубль в ворота африканцев на 83-й минуте. В 1-м туре группы F тунисская национальная команда разгромно уступила Швеции — 1:3. Япония сыграла вничью со сборной Нидерландов — 2:2. Групповой этап продлится с 11 по 27 июня. Команды играют друг с другом по кругу (по три матча каждая). В плей-офф выйдут по две лучшие сборные из каждой группы, а также восемь лучших команд, занявших третье место.",report
Жулин оценил возможный допуск российских фигуристов,https://ria.ru/20260616/figuristy-2099240969.html,"['Международный союз конькобежцев (ISU)', 'Александр Жулин', 'Фигурное катание', 'Тенерифе', 'Италия', 'Спорт']",14:34 16.06.2026,Нет автора,"Двукратный призер Олимпийских игр Александр Жулин заявил РИА Новости, что надеется на допуск Международным союзом конькобежцев (ISU) российских фигуристов в ближайшее время к участию в международных соревнованиях, но пока не видит реальных предпосылок для этого.  Российские и белорусские спортсмены остаются отстраненными ISU с марта 2022 года. Организация сделала исключение лишь в рамках отборочной кампании к Олимпиаде-2026 в Италии, однако то решение не распространялось за пределы квалификационных стартов. Во вторник представитель ISU сообщил РИА Новости, что тема допуска российских фигуристов была поднята на заседании совета, которое прошло 13 июня на Тенерифе. По итогам обсуждения было принято решение провести дополнительный анализ, результаты которого будут представлены на следующем заседании совета в ближайшие недели.  ""Я безумно надеюсь на допуск наших фигуристов к участию в международных соревнованиях в предстоящем сезоне. Но, к сожалению, я пока не вижу предпосылок для этого. На что-то хорошее от ISU я не рассчитываю"", - сказал Жулин.",analytics
Эквадор — Кюрасао: стартовые составы команд на матч чемпионата мира по футболу — 2026,https://www.championat.com/football/news-6514632-ekvador-kyurasao-startovye-sostavy-komand-na-match-chempionata-mira-po-futbolu-2026-17-iyunya-2026.html,"['Сборная Кюрасао — Футбол', 'Футбол', 'Сборная Эквадора — Футбол', 'ЧМ-2026', 'ЧМ по футболу 2026']",01:41 21.06.2026,Аслан Аршба,"В воскресенье, 21 июня, состоится матч 2-го тура группы E чемпионата мира по футболу 2026 года между сборными Эквадора и Кюрасао. Игра пройдёт на стадионе «Эрроухед» (Канзас-Сити, Миссури, США). В качестве главного арбитра выступит Нин Ма (Фусинь, Китай). Стартовый свисток судьи прозвучит в 3:00 мск. «Чемпионат» проведёт текстовую онлайн-трансляцию матча. Стартовые составы команд Эквадор: Галиндес, Инкапье, Пачо, Эступиньян, Альсивар, Вите, Франко, Мойсес Кайседо, Йебоа, Эннер Валенсия, Плата. Кюрасао: Ром, Обиспо, Флоранус, Гаари, Бренет, Фонвилл, Жуниньо Бакуна, Леонардо Бакуна, Комененсия, Чонг, Локадия. В 1-м туре сборная Эквадора уступила Кот-д’Ивуару (0:1). Встреча проходила в понедельник, 15 июня. Днём ранее команда Кюрасао разгромно проиграла Германии (1:7). Матч 2-го тура в этой группе между сборными Германии и Кот-д’Ивуара завершился победой немцев (2:1).",report
Шлоттербек с 13-й минуты матча с Кот-д'Ивуаром играл с болью из-за вывиха лодыжки — Bild,https://www.championat.com/football/news-6515038-shlotterbek-s-13-j-minuty-matcha-s-kot-d-ivuarom-igral-s-bolyu-iz-za-vyviha-lodyzhki-bild.html,"['Футбол', 'Сборная Германии — Футбол', 'ЧМ-2026', 'ЧМ по футболу 2026', ""Сборная Кот-д'Ивуара — Футбол"", 'Травмы — футбол', 'Нико Шлоттербек']",13:10 21.06.2026,Дмитрий Тучков,"Защитник сборной Германии и дортмундской «Боруссии» Нико Шлоттербек получил вывих лодыжки через 13 минут после начала матча с Кот-д'Ивуаром (2:1) во 2-м туре группы E чемпионата мира — 2026. Об этом сообщает Bild. По информации источника, до перерыва Шлоттербек принимал обезболивающие, после чего его заменил Антонио Рюдигер. Ожидается, что в воскресенье, 21 июня, 26-летний защитник пройдёт МРТ-сканирование, которое позволит поставить точный диагноз. После матча с Кот-д'Ивуаром главный тренер сборной Германии Юлиан Нагельсман предположил, что у Шлоттербека повреждение медиальной коллатеральной связки в голеностопном суставе. Подчёркивается, что защитник рискует пропустить оставшуюся часть чемпионата мира. Самые опасные травмы в футболе:",report
Бельгия — Иран: прогноз Владимира Гучека на игру чемпионата мира по футболу — 2026,https://www.championat.com/bets/news-6514878-belgiya-iran-prognoz-vladimira-gucheka-na-igru-chempionata-mira-po-futbolu-2026.html,"['Сборная Бельгии — Футбол', 'Бесплатные прогнозы', 'Сборная Ирана — Футбол', 'Прогнозы', 'Ставки']",11:00 21.06.2026,Пётр Кондаков,"Комментатор Владимир Гучек дал прогноз на матч Бельгия — Иран. Ставка: обе забьют за 1.98. «Некогда одна из самых сильных сборных мира третий турнир подряд откровенно страдает из-за внутренней перестройки. Бельгийцы уже много лет не те. Они не борются за финалы турниров, в которых участвуют, а в ростере команды не найдётся молодых звёзд, которые будут сверкать ещё много лет. Да, есть Де Брёйне, который, как и раньше, может отдать вскрывающую всю оборону передачу, есть два-три хороших игрока европейского уровня, выступающих в топ-клубах мира, есть Лукаку, который в сборной часто действует лучше, чем в клубном футболе, но этого всего недостаточно, чтоб претендовать на что-то большее, чем 1/8 финала чемпионата мира. Тем более в 1-м туре бельгийцы чуть не устроились на поражение от сборной Египта, при этом они проигрывали по ходу встречи, а в концовке африканская команда давила и вполне себе могла довести дело до победного. Теперь коллективу Руди Гарсии надо не оступиться со сборной Ирана, потому что иначе о борьбе за первую строчку в группе, скорее всего, придётся забыть. Иранцы же неожиданно не смогли одолеть коллектив из Новой Зеландии. Возможно, на сборной из азиатской конфедерации сказывается и непростая политическая обстановка, однако вряд ли сами игроки из иранской команды будут ссылаться на это, если им нужно будет оправдать своё неудачное выступление на турнире 2026 года. Прогнозирую, что в очном противостоянии Бельгии и Ирана до матча на бумаге прописана ничья. Команды не будут играть в скучный футбол, но по своим метрикам они крайне похожи друг на друга: обе не в идеальном состоянии, а уровень примерно сопоставим. Однако эта ничья не будет безголевой — мы увидим голы с обеих сторон. Возможно, даже и по два», — приводит слова Гучека «Ставка ТВ».",analytics
"""Сочи"" объявил о подписании контракта с Куинни",https://ria.ru/20260620/gejdzh-2100059494.html,"['Хоккей', 'КХЛ 2025-2026', 'Шанхайские драконы']",15:39 20.06.2026,Нет автора,"Американский нападающий Гейдж Куинни подписал контракт с ""Сочи"", сообщается на сайте клуба Континентальной хоккейной лиги (КХЛ).  Соглашение с 30-летним форвардом рассчитано на один сезон.  В минувшем сезоне КХЛ Куинни провел 67 матчей в составе ""Шанхайских драконов"" и набрал 32 очка (11 шайб + 21 передача).",news
